target_gene	orig.ident	n_spots	n_positive	n_high	min_expression_in_high	mean_expression_in_high	mean_expression_in_rest	used_for_gsea
KCNA5	IU_PDA_T1	3530	0	0	NA	NA	0	FALSE
KCNA5	IU_PDA_T10	2714	5	0	NA	NA	0.00127698448887241	FALSE
KCNA5	IU_PDA_T11	2777	9	0	NA	NA	0.00224642586425621	FALSE
KCNA5	IU_PDA_T12	3642	90	20	0.693147180559945	0.808897561209575	0.0133959974155704	TRUE
KCNA5	IU_PDA_T2	4118	20	0	NA	NA	0.00336642632617749	FALSE
KCNA5	IU_PDA_T3	4354	13	0	NA	NA	0.00216269601639583	FALSE
KCNA5	IU_PDA_T4	3621	15	0	NA	NA	0.00309531563783914	FALSE
KCNA5	IU_PDA_T6	3397	9	0	NA	NA	0.00183642173242258	FALSE
KCNA5	IU_PDA_T8	3779	0	0	NA	NA	0	FALSE
KCNA5	IU_PDA_T9	3526	11	0	NA	NA	0.00216239903180925	FALSE
KCNAB1	IU_PDA_T1	3530	11	0	NA	NA	0.00227481135814945	FALSE
KCNAB1	IU_PDA_T10	2714	0	0	NA	NA	0	FALSE
KCNAB1	IU_PDA_T11	2777	50	20	0.693147180559945	0.849444072020392	0.00754240675255653	TRUE
KCNAB1	IU_PDA_T12	3642	171	20	0.693147180559945	1.06656072969706	0.028897080139302	TRUE
KCNAB1	IU_PDA_T2	4118	22	0	NA	NA	0.00389999227502067	FALSE
KCNAB1	IU_PDA_T3	4354	21	0	NA	NA	0.00343627834172417	FALSE
KCNAB1	IU_PDA_T4	3621	17	0	NA	NA	0.00336618811864878	FALSE
KCNAB1	IU_PDA_T6	3397	29	0	NA	NA	0.00683756434072633	FALSE
KCNAB1	IU_PDA_T8	3779	8	0	NA	NA	0.00146736635207186	FALSE
KCNAB1	IU_PDA_T9	3526	35	20	0.693147180559945	0.693147180559945	0.00296554697900718	TRUE
KCNAB2	IU_PDA_T1	3530	111	20	0.693147180559945	0.794513457586986	0.0179704824589615	TRUE
KCNAB2	IU_PDA_T10	2714	171	20	0.693147180559945	1.00251403742396	0.038851233951207	TRUE
KCNAB2	IU_PDA_T11	2777	174	20	1.09861228866811	1.14176459953588	0.0393059580118477	TRUE
KCNAB2	IU_PDA_T12	3642	1186	119	1.09861228866811	1.30407429906627	0.23260422025398	TRUE
KCNAB2	IU_PDA_T2	4118	202	21	0.693147180559945	0.938540674357553	0.0306223186920552	TRUE
KCNAB2	IU_PDA_T3	4354	580	58	1.09861228866811	1.13921058339454	0.0868658871693017	TRUE
KCNAB2	IU_PDA_T4	3621	228	23	1.09861228866811	1.11112020486167	0.0397182051781559	TRUE
KCNAB2	IU_PDA_T6	3397	261	27	1.09861228866811	1.11992207181269	0.0486107717161602	TRUE
KCNAB2	IU_PDA_T8	3779	247	25	1.09861228866811	1.13313413736232	0.0420706779875838	TRUE
KCNAB2	IU_PDA_T9	3526	328	33	1.09861228866811	1.10732992722725	0.058887722184228	TRUE
KCNB1	IU_PDA_T1	3530	0	0	NA	NA	0	FALSE
KCNB1	IU_PDA_T10	2714	7	0	NA	NA	0.00178777828442138	FALSE
KCNB1	IU_PDA_T11	2777	49	20	0.693147180559945	0.8697173274258	0.00729099319413798	TRUE
KCNB1	IU_PDA_T12	3642	39	20	0.693147180559945	0.713420435965354	0.00363605644136912	TRUE
KCNB1	IU_PDA_T2	4118	13	0	NA	NA	0.00218817711201537	FALSE
KCNB1	IU_PDA_T3	4354	8	0	NA	NA	0.00127358232532833	FALSE
KCNB1	IU_PDA_T4	3621	6	0	NA	NA	0.00114854545246056	FALSE
KCNB1	IU_PDA_T6	3397	0	0	NA	NA	0	FALSE
KCNB1	IU_PDA_T8	3779	0	0	NA	NA	0	FALSE
KCNB1	IU_PDA_T9	3526	12	0	NA	NA	0.00247397370244683	FALSE
KCNC4	IU_PDA_T1	3530	110	20	0.693147180559945	0.97697275623566	0.0177730046297422	TRUE
KCNC4	IU_PDA_T10	2714	63	20	0.693147180559945	0.75396694677617	0.0110635964231914	TRUE
KCNC4	IU_PDA_T11	2777	176	20	0.693147180559945	1.09272313688529	0.039220515113294	TRUE
KCNC4	IU_PDA_T12	3642	495	50	0.693147180559945	1.02902654994455	0.0858715187497705	TRUE
KCNC4	IU_PDA_T2	4118	210	21	0.693147180559945	1.01518057494965	0.0319757913414278	TRUE
KCNC4	IU_PDA_T3	4354	180	20	0.693147180559945	0.939032045481795	0.0255891898683875	TRUE
KCNC4	IU_PDA_T4	3621	141	20	0.693147180559945	0.910263838236617	0.0232909771862686	TRUE
KCNC4	IU_PDA_T6	3397	545	55	1.09861228866811	1.19138401187494	0.104418855763274	TRUE
KCNC4	IU_PDA_T8	3779	159	20	0.693147180559945	1.03190337066907	0.0256311407549434	TRUE
KCNC4	IU_PDA_T9	3526	95	20	0.693147180559945	0.788624305804167	0.0148277348950359	TRUE
KCND2	IU_PDA_T1	3530	101	20	0.693147180559945	0.956699500830252	0.015995704166768	TRUE
KCND2	IU_PDA_T10	2714	24	0	NA	NA	0.00642832076258475	FALSE
KCND2	IU_PDA_T11	2777	72	20	0.693147180559945	0.855333223803211	0.0130735050377647	TRUE
KCND2	IU_PDA_T12	3642	504	51	1.09861228866811	1.11426930231944	0.0876654422194017	TRUE
KCND2	IU_PDA_T2	4118	86	20	0.693147180559945	0.814786712992395	0.0111634245771001	TRUE
KCND2	IU_PDA_T3	4354	88	20	0.693147180559945	0.814786712992395	0.0108754056940647	TRUE
KCND2	IU_PDA_T4	3621	35	20	0.693147180559945	0.713420435965354	0.00288731122143826	TRUE
KCND2	IU_PDA_T6	3397	244	25	0.693147180559945	1.1939363114143	0.0450175659972206	TRUE
KCND2	IU_PDA_T8	3779	50	20	0.693147180559945	0.814786712992395	0.00553190088236189	TRUE
KCND2	IU_PDA_T9	3526	66	20	0.693147180559945	0.75396694677617	0.00909434406895536	TRUE
KCND3	IU_PDA_T1	3530	68	20	0.693147180559945	0.855333223803211	0.00947893580252917	TRUE
KCND3	IU_PDA_T10	2714	38	20	0.693147180559945	0.713420435965354	0.00463127292133594	TRUE
KCND3	IU_PDA_T11	2777	80	20	0.693147180559945	0.916152990019436	0.0150848135051131	TRUE
KCND3	IU_PDA_T12	3642	495	50	1.09861228866811	1.12608972549054	0.0873389592857967	TRUE
KCND3	IU_PDA_T2	4118	72	20	0.693147180559945	0.75396694677617	0.00879542542438193	TRUE
KCND3	IU_PDA_T3	4354	162	20	1.09861228866811	1.17053280678105	0.0228039604862991	TRUE
KCND3	IU_PDA_T4	3621	32	20	0.693147180559945	0.693147180559945	0.00230984897715061	TRUE
KCND3	IU_PDA_T6	3397	140	20	0.693147180559945	0.996624885641141	0.0246306371534479	TRUE
KCND3	IU_PDA_T8	3779	65	20	0.693147180559945	0.835059968397803	0.00829785132354284	TRUE
KCND3	IU_PDA_T9	3526	342	35	1.09861228866811	1.13149023980546	0.0610717987797225	TRUE
KCNE4	IU_PDA_T1	3530	288	29	1.09861228866811	1.12614703681355	0.0530154516957007	TRUE
KCNE4	IU_PDA_T10	2714	114	20	0.693147180559945	0.895879734614027	0.0241855363669766	TRUE
KCNE4	IU_PDA_T11	2777	174	20	1.09861228866811	1.23662059878017	0.0388647555003046	TRUE
KCNE4	IU_PDA_T12	3642	994	100	1.09861228866811	1.23430048241229	0.189946219249791	TRUE
KCNE4	IU_PDA_T2	4118	194	20	0.693147180559945	0.895879734614027	0.0294308466123549	TRUE
KCNE4	IU_PDA_T3	4354	303	31	0.693147180559945	0.993575405285404	0.0436123139283611	TRUE
KCNE4	IU_PDA_T4	3621	97	20	0.693147180559945	0.733693691370762	0.0148215309367164	TRUE
KCNE4	IU_PDA_T6	3397	353	36	1.09861228866811	1.18472240744122	0.0664614228534591	TRUE
KCNE4	IU_PDA_T8	3779	107	20	0.693147180559945	1.07244988147988	0.0160425125588495	TRUE
KCNE4	IU_PDA_T9	3526	361	37	0.693147180559945	1.10923506131972	0.064367923904105	TRUE
KCNJ15	IU_PDA_T1	3530	45	20	0.693147180559945	0.794513457586986	0.00493694573048394	TRUE
KCNJ15	IU_PDA_T10	2714	28	0	NA	NA	0.00748872947220067	FALSE
KCNJ15	IU_PDA_T11	2777	55	20	0.693147180559945	0.75396694677617	0.00879947454464929	TRUE
KCNJ15	IU_PDA_T12	3642	798	80	1.09861228866811	1.29567373164779	0.151557565099744	TRUE
KCNJ15	IU_PDA_T2	4118	427	43	1.09861228866811	1.14544425395096	0.0660139320470616	TRUE
KCNJ15	IU_PDA_T3	4354	223	23	0.693147180559945	0.929710025873056	0.0320086437570975	TRUE
KCNJ15	IU_PDA_T4	3621	58	20	0.693147180559945	0.774240202181578	0.00731452176097693	TRUE
KCNJ15	IU_PDA_T6	3397	356	36	1.09861228866811	1.15275773272436	0.0673213965987421	TRUE
KCNJ15	IU_PDA_T8	3779	125	20	0.693147180559945	0.889990582831208	0.0193616530882666	TRUE
KCNJ15	IU_PDA_T9	3526	292	30	0.693147180559945	1.02710866946154	0.0519463848131309	TRUE
KCNJ16	IU_PDA_T1	3530	20	0	NA	NA	0.00404204213011532	FALSE
KCNJ16	IU_PDA_T10	2714	8	0	NA	NA	0.00204317518219586	FALSE
KCNJ16	IU_PDA_T11	2777	6	0	NA	NA	0.00149761724283748	FALSE
KCNJ16	IU_PDA_T12	3642	18	0	NA	NA	0.00342576860243795	FALSE
KCNJ16	IU_PDA_T2	4118	64	20	0.693147180559945	0.713420435965354	0.0074422830514001	TRUE
KCNJ16	IU_PDA_T3	4354	5	0	NA	NA	0.000795988953330208	FALSE
KCNJ16	IU_PDA_T4	3621	6	0	NA	NA	0.00114854545246056	FALSE
KCNJ16	IU_PDA_T6	3397	132	20	0.693147180559945	0.99135685985825	0.0229885946765513	TRUE
KCNJ16	IU_PDA_T8	3779	112	20	0.693147180559945	0.829170816614984	0.0169644960392431	TRUE
KCNJ16	IU_PDA_T9	3526	6	0	NA	NA	0.00117949038098686	FALSE
KCNJ8	IU_PDA_T1	3530	170	20	0.693147180559945	1.01751926704648	0.0296216743829036	TRUE
KCNJ8	IU_PDA_T10	2714	114	20	0.693147180559945	0.8697173274258	0.0241855363669766	TRUE
KCNJ8	IU_PDA_T11	2777	196	20	1.09861228866811	1.18168998434677	0.0445429212893604	TRUE
KCNJ8	IU_PDA_T12	3642	697	70	1.09861228866811	1.20849205193156	0.128934224280517	TRUE
KCNJ8	IU_PDA_T2	4118	259	26	0.693147180559945	1.00051330081021	0.0394680579351093	TRUE
KCNJ8	IU_PDA_T3	4354	445	45	1.09861228866811	1.15093897964884	0.0650969118331036	TRUE
KCNJ8	IU_PDA_T4	3621	93	20	0.693147180559945	0.814786712992395	0.0140515812776662	TRUE
KCNJ8	IU_PDA_T6	3397	467	47	1.09861228866811	1.18881225800897	0.0892016874296215	TRUE
KCNJ8	IU_PDA_T8	3779	159	20	1.09861228866811	1.1129963922907	0.0257390059074064	TRUE
KCNJ8	IU_PDA_T9	3526	332	34	0.693147180559945	0.99628031995699	0.0591517353398808	TRUE
KCNK1	IU_PDA_T1	3530	131	20	0.693147180559945	0.814786712992395	0.0219200390433487	TRUE
KCNK1	IU_PDA_T10	2714	346	35	1.09861228866811	1.09861228866811	0.081979628307288	TRUE
KCNK1	IU_PDA_T11	2777	416	42	1.09861228866811	1.16403475729294	0.0973052842293449	TRUE
KCNK1	IU_PDA_T12	3642	745	75	1.09861228866811	1.18410266328624	0.139744233264998	TRUE
KCNK1	IU_PDA_T2	4118	490	49	0.693147180559945	1.03828496637396	0.0751235946490381	TRUE
KCNK1	IU_PDA_T3	4354	495	50	1.09861228866811	1.11587321301522	0.0727964862096825	TRUE
KCNK1	IU_PDA_T4	3621	666	67	1.09861228866811	1.12866862459591	0.12230092468897	TRUE
KCNK1	IU_PDA_T6	3397	1545	155	1.38629436111989	1.48528914118965	0.349272973140808	TRUE
KCNK1	IU_PDA_T8	3779	648	65	1.09861228866811	1.13483845934708	0.11317270075142	TRUE
KCNK1	IU_PDA_T9	3526	280	28	1.09861228866811	1.11916100812895	0.0499351313610938	TRUE
KCNK15	IU_PDA_T1	3530	6	0	NA	NA	0.00152274175855075	FALSE
KCNK15	IU_PDA_T10	2714	19	0	NA	NA	0.00485254105771517	FALSE
KCNK15	IU_PDA_T11	2777	26	0	NA	NA	0.00707370800395795	FALSE
KCNK15	IU_PDA_T12	3642	36	20	0.693147180559945	0.713420435965354	0.0030619422664161	TRUE
KCNK15	IU_PDA_T2	4118	6	0	NA	NA	0.00110838955596596	FALSE
KCNK15	IU_PDA_T3	4354	59	20	0.693147180559945	0.774240202181578	0.00623736503041944	TRUE
KCNK15	IU_PDA_T4	3621	12	0	NA	NA	0.00229709090492111	FALSE
KCNK15	IU_PDA_T6	3397	52	20	0.693147180559945	0.693147180559945	0.0065681699075861	TRUE
KCNK15	IU_PDA_T8	3779	10	0	NA	NA	0.00183420794008983	FALSE
KCNK15	IU_PDA_T9	3526	12	0	NA	NA	0.00235898076197372	FALSE
KCNK17	IU_PDA_T1	3530	19	0	NA	NA	0.00384568315545244	FALSE
KCNK17	IU_PDA_T10	2714	16	0	NA	NA	0.00408635036439172	FALSE
KCNK17	IU_PDA_T11	2777	7	0	NA	NA	0.00174722011664372	FALSE
KCNK17	IU_PDA_T12	3642	367	37	1.09861228866811	1.18383414786678	0.0646875688693403	TRUE
KCNK17	IU_PDA_T2	4118	148	20	0.693147180559945	0.823281664832164	0.0216502779677094	TRUE
KCNK17	IU_PDA_T3	4354	67	20	0.693147180559945	0.788624305804167	0.00751682452383882	TRUE
KCNK17	IU_PDA_T4	3621	17	0	NA	NA	0.00325421211530491	FALSE
KCNK17	IU_PDA_T6	3397	24	0	NA	NA	0.00501648438079095	FALSE
KCNK17	IU_PDA_T8	3779	23	0	NA	NA	0.00432597254855435	FALSE
KCNK17	IU_PDA_T9	3526	28	0	NA	NA	0.00573427432555156	FALSE
KCNK3	IU_PDA_T1	3530	8	0	NA	NA	0.00180059707101867	FALSE
KCNK3	IU_PDA_T10	2714	7	0	NA	NA	0.00178777828442138	FALSE
KCNK3	IU_PDA_T11	2777	39	20	0.693147180559945	0.75396694677617	0.00477685760995247	TRUE
KCNK3	IU_PDA_T12	3642	239	24	1.09861228866811	1.12258579470576	0.0411903382588138	TRUE
KCNK3	IU_PDA_T2	4118	125	20	0.693147180559945	0.916152990019436	0.0177599936453866	TRUE
KCNK3	IU_PDA_T3	4354	498	50	1.6094379124341	1.87739344704308	0.0996012119430549	TRUE
KCNK3	IU_PDA_T4	3621	39	20	0.693147180559945	0.713420435965354	0.00365726088048846	TRUE
KCNK3	IU_PDA_T6	3397	73	20	0.693147180559945	0.713420435965354	0.0108785314094395	TRUE
KCNK3	IU_PDA_T8	3779	13	0	NA	NA	0.00259905889481228	FALSE
KCNK3	IU_PDA_T9	3526	16	0	NA	NA	0.00337529356357784	FALSE
KCNK6	IU_PDA_T1	3530	151	20	1.09861228866811	1.1129963922907	0.025985112752553	TRUE
KCNK6	IU_PDA_T10	2714	163	20	0.693147180559945	0.895879734614027	0.0367928904306133	TRUE
KCNK6	IU_PDA_T11	2777	247	25	0.693147180559945	1.05204111574069	0.0559152158736584	TRUE
KCNK6	IU_PDA_T12	3642	1008	101	1.09861228866811	1.21336531243535	0.187277330403012	TRUE
KCNK6	IU_PDA_T2	4118	308	31	0.693147180559945	1.05725543838289	0.0469786564754355	TRUE
KCNK6	IU_PDA_T3	4354	345	35	0.693147180559945	1.03395824261515	0.0497512447264605	TRUE
KCNK6	IU_PDA_T4	3621	389	39	0.693147180559945	1.05098596805925	0.0677279489659355	TRUE
KCNK6	IU_PDA_T6	3397	406	41	1.09861228866811	1.18123780935796	0.0763535285367239	TRUE
KCNK6	IU_PDA_T8	3779	206	21	0.693147180559945	0.977156398939283	0.0341224663128233	TRUE
KCNK6	IU_PDA_T9	3526	321	33	0.693147180559945	1.03360899848032	0.0571504116808658	TRUE
KCNMA1	IU_PDA_T1	3530	339	34	1.09861228866811	1.14748152142026	0.0653430848430567	TRUE
KCNMA1	IU_PDA_T10	2714	144	20	0.693147180559945	1.05217662607447	0.0319043245692031	TRUE
KCNMA1	IU_PDA_T11	2777	1025	103	1.38629436111989	1.46911157689581	0.289608929500046	TRUE
KCNMA1	IU_PDA_T12	3642	1388	139	1.38629436111989	1.46727094726241	0.289685566152727	TRUE
KCNMA1	IU_PDA_T2	4118	381	39	1.09861228866811	1.10598875206431	0.0583150933973321	TRUE
KCNMA1	IU_PDA_T3	4354	664	67	1.09861228866811	1.18063448813804	0.1007825511218	TRUE
KCNMA1	IU_PDA_T4	3621	139	20	0.693147180559945	0.971083604452841	0.0229060023567435	TRUE
KCNMA1	IU_PDA_T6	3397	320	32	1.09861228866811	1.16649914920996	0.0601677990365591	TRUE
KCNMA1	IU_PDA_T8	3779	208	21	1.09861228866811	1.12601058128257	0.0349229332616132	TRUE
KCNMA1	IU_PDA_T9	3526	904	91	1.09861228866811	1.21146314662293	0.176567091486085	TRUE
KCNMB1	IU_PDA_T1	3530	91	20	0.693147180559945	0.941694271207735	0.0140209258745744	TRUE
KCNMB1	IU_PDA_T10	2714	39	20	0.693147180559945	0.713420435965354	0.00488856586141016	TRUE
KCNMB1	IU_PDA_T11	2777	462	47	1.09861228866811	1.28561371853471	0.116210634734166	TRUE
KCNMB1	IU_PDA_T12	3642	718	72	1.09861228866811	1.18456554623818	0.129515356451994	TRUE
KCNMB1	IU_PDA_T2	4118	72	20	0.693147180559945	0.75396694677617	0.00879542542438193	TRUE
KCNMB1	IU_PDA_T3	4354	292	30	0.693147180559945	1.11171370827176	0.0419992047425314	TRUE
KCNMB1	IU_PDA_T4	3621	133	20	0.693147180559945	1.00574096348084	0.0217510778681682	TRUE
KCNMB1	IU_PDA_T6	3397	157	20	1.09861228866811	1.15292177710159	0.028119977416853	TRUE
KCNMB1	IU_PDA_T8	3779	96	20	0.693147180559945	1.01751926704648	0.0140141489019835	TRUE
KCNMB1	IU_PDA_T9	3526	305	31	1.09861228866811	1.12645248922796	0.0546891910723175	TRUE
KCNMB4	IU_PDA_T1	3530	105	20	0.693147180559945	0.855333223803211	0.0167856154836454	TRUE
KCNMB4	IU_PDA_T10	2714	24	0	NA	NA	0.00627892315458616	FALSE
KCNMB4	IU_PDA_T11	2777	172	20	0.693147180559945	1.09148088488543	0.0382148608796198	TRUE
KCNMB4	IU_PDA_T12	3642	547	55	1.09861228866811	1.16020585863691	0.0966559588371919	TRUE
KCNMB4	IU_PDA_T2	4118	176	20	0.693147180559945	0.916152990019436	0.0263862762731458	TRUE
KCNMB4	IU_PDA_T3	4354	424	43	1.09861228866811	1.13480283280567	0.0619177294247498	TRUE
KCNMB4	IU_PDA_T4	3621	179	20	0.693147180559945	1.03779252245189	0.0306054989472456	TRUE
KCNMB4	IU_PDA_T6	3397	146	20	0.693147180559945	1.06593960369714	0.0258621690111203	TRUE
KCNMB4	IU_PDA_T8	3779	55	20	0.693147180559945	0.814786712992395	0.00645388436275554	TRUE
KCNMB4	IU_PDA_T9	3526	163	20	0.693147180559945	0.8697173274258	0.0282715478665351	TRUE
KCNN3	IU_PDA_T1	3530	33	20	0.693147180559945	0.814786712992395	0.00256721177985165	TRUE
KCNN3	IU_PDA_T10	2714	44	20	0.693147180559945	0.774240202181578	0.00617503056178125	TRUE
KCNN3	IU_PDA_T11	2777	79	20	0.693147180559945	0.75396694677617	0.0148333999466945	TRUE
KCNN3	IU_PDA_T12	3642	258	26	0.693147180559945	1.03170292451084	0.0444718323810584	TRUE
KCNN3	IU_PDA_T2	4118	51	20	0.693147180559945	0.713420435965354	0.00524342669530461	TRUE
KCNN3	IU_PDA_T3	4354	90	20	0.693147180559945	0.849444072020392	0.0111952705674195	TRUE
KCNN3	IU_PDA_T4	3621	31	20	0.693147180559945	0.733693691370762	0.00211736156238806	TRUE
KCNN3	IU_PDA_T6	3397	109	20	0.693147180559945	0.788624305804167	0.0182677225554738	TRUE
KCNN3	IU_PDA_T8	3779	46	20	0.693147180559945	0.733693691370762	0.00479431409804697	TRUE
KCNN3	IU_PDA_T9	3526	112	20	0.693147180559945	0.829170816614984	0.0181886881379107	TRUE
KCNN4	IU_PDA_T1	3530	97	20	0.693147180559945	0.814786712992395	0.0152057928498905	TRUE
KCNN4	IU_PDA_T10	2714	130	20	0.693147180559945	0.8697173274258	0.0283022234081641	TRUE
KCNN4	IU_PDA_T11	2777	250	25	1.09861228866811	1.17236730748279	0.0566708268989781	TRUE
KCNN4	IU_PDA_T12	3642	742	75	1.09861228866811	1.22120605282595	0.136546829556513	TRUE
KCNN4	IU_PDA_T2	4118	618	62	1.09861228866811	1.12645248922796	0.0966166849410898	TRUE
KCNN4	IU_PDA_T3	4354	322	33	0.693147180559945	1.01775299412381	0.046359531400561	TRUE
KCNN4	IU_PDA_T4	3621	388	39	1.09861228866811	1.12646330837759	0.0688927826110326	TRUE
KCNN4	IU_PDA_T6	3397	430	43	1.09861228866811	1.15487367506975	0.0814292010059621	TRUE
KCNN4	IU_PDA_T8	3779	588	59	1.09861228866811	1.11811615798687	0.100530438296279	TRUE
KCNN4	IU_PDA_T9	3526	245	25	0.693147180559945	1.00130066272215	0.0435568065476115	TRUE
KCNQ4	IU_PDA_T1	3530	23	0	NA	NA	0.00486084432781961	FALSE
KCNQ4	IU_PDA_T10	2714	14	0	NA	NA	0.00387435178483993	FALSE
KCNQ4	IU_PDA_T11	2777	50	20	0.693147180559945	0.713420435965354	0.00754240675255653	TRUE
KCNQ4	IU_PDA_T12	3642	176	20	0.693147180559945	0.950810349047433	0.029853937097557	TRUE
KCNQ4	IU_PDA_T2	4118	44	20	0.693147180559945	0.713420435965354	0.00405942711894551	TRUE
KCNQ4	IU_PDA_T3	4354	72	20	0.693147180559945	0.774240202181578	0.00831648670722592	TRUE
KCNQ4	IU_PDA_T4	3621	180	20	1.09861228866811	1.09861228866811	0.0311357801204987	TRUE
KCNQ4	IU_PDA_T6	3397	123	20	0.693147180559945	0.950810349047433	0.0211412968900427	TRUE
KCNQ4	IU_PDA_T8	3779	62	20	0.693147180559945	0.75396694677617	0.00774466123530665	TRUE
KCNQ4	IU_PDA_T9	3526	30	20	0.693147180559945	0.727804539587943	0.00197703131933812	TRUE
KCNS3	IU_PDA_T1	3530	297	30	1.09861228866811	1.12738049591329	0.0531089221216348	TRUE
KCNS3	IU_PDA_T10	2714	112	20	0.693147180559945	0.794513457586986	0.0236709504868281	TRUE
KCNS3	IU_PDA_T11	2777	324	33	1.09861228866811	1.16639768437952	0.0764632404173132	TRUE
KCNS3	IU_PDA_T12	3642	970	97	1.09861228866811	1.22427348528679	0.184421241636618	TRUE
KCNS3	IU_PDA_T2	4118	419	42	0.693147180559945	1.09019921469265	0.0641110125297103	TRUE
KCNS3	IU_PDA_T3	4354	542	55	1.09861228866811	1.1235917766885	0.0786155250153062	TRUE
KCNS3	IU_PDA_T4	3621	506	51	1.09861228866811	1.12117558846825	0.0924310114976664	TRUE
KCNS3	IU_PDA_T6	3397	452	46	1.09861228866811	1.13869653802392	0.0844642243329664	TRUE
KCNS3	IU_PDA_T8	3779	151	20	0.693147180559945	0.956699500830252	0.0241559671863136	TRUE
KCNS3	IU_PDA_T9	3526	331	34	0.693147180559945	1.00320873381913	0.0589532395837067	TRUE
KCNT2	IU_PDA_T1	3530	10	0	NA	NA	0.00207845238348658	FALSE
KCNT2	IU_PDA_T10	2714	7	0	NA	NA	0.00178777828442138	FALSE
KCNT2	IU_PDA_T11	2777	20	0	NA	NA	0.00557609076112048	FALSE
KCNT2	IU_PDA_T12	3642	57	20	0.693147180559945	0.733693691370762	0.00708074149108724	TRUE
KCNT2	IU_PDA_T2	4118	19	0	NA	NA	0.00319810500986862	FALSE
KCNT2	IU_PDA_T3	4354	17	0	NA	NA	0.00279948717906	FALSE
KCNT2	IU_PDA_T4	3621	27	0	NA	NA	0.00550438254610412	FALSE
KCNT2	IU_PDA_T6	3397	23	0	NA	NA	0.00517051680462508	FALSE
KCNT2	IU_PDA_T8	3779	17	0	NA	NA	0.0031181534981527	FALSE
KCNT2	IU_PDA_T9	3526	62	20	0.693147180559945	0.75396694677617	0.00830353154122011	TRUE
