orig.ident	spot	kcnn4_expression
IU_PDA_T1	PDACP_10_AGAGCGTACAAGCTCG-1	1.09861228866811
IU_PDA_T1	PDACP_10_CAACGCGATGAGCCAA-1	1.09861228866811
IU_PDA_T1	PDACP_10_CTTTGGCGCTTTATAC-1	1.09861228866811
IU_PDA_T1	PDACP_10_GAGCGGAATGCGGTGT-1	1.09861228866811
IU_PDA_T1	PDACP_10_GGCTGAGCATCGTAAG-1	1.09861228866811
IU_PDA_T1	PDACP_10_GTCATTAGAGCGAACG-1	1.09861228866811
IU_PDA_T1	PDACP_10_AACCGCTAAGGGATGC-1	0.693147180559945
IU_PDA_T1	PDACP_10_AAGGAGCGGTTGGTGC-1	0.693147180559945
IU_PDA_T1	PDACP_10_AATAGGCACGACCCTT-1	0.693147180559945
IU_PDA_T1	PDACP_10_AATCCAAGGGCCTGAG-1	0.693147180559945
IU_PDA_T1	PDACP_10_ACCACGTGCAGCTATA-1	0.693147180559945
IU_PDA_T1	PDACP_10_ACGCTAGTGATACACT-1	0.693147180559945
IU_PDA_T1	PDACP_10_ACGGTACAGTTCAATG-1	0.693147180559945
IU_PDA_T1	PDACP_10_AGCTTATAGAGACCTG-1	0.693147180559945
IU_PDA_T1	PDACP_10_AGCTTCTTCTCGAGCA-1	0.693147180559945
IU_PDA_T1	PDACP_10_AGGCATTGTCGTAGGG-1	0.693147180559945
IU_PDA_T1	PDACP_10_AGGGCGTGATCGGCTA-1	0.693147180559945
IU_PDA_T1	PDACP_10_AGGTTACACCATGCCG-1	0.693147180559945
IU_PDA_T1	PDACP_10_AGTCCATTGGCTGATG-1	0.693147180559945
IU_PDA_T1	PDACP_10_ATAATAGCTGTTGAAT-1	0.693147180559945
IU_PDA_T10	PDACP_3_GAGGAGATCCTCATGC-1	1.38629436111989
IU_PDA_T10	PDACP_3_ACGGGAGTGTCGGCCC-1	1.09861228866811
IU_PDA_T10	PDACP_3_AGGAAAGCCTCTGATG-1	1.09861228866811
IU_PDA_T10	PDACP_3_CCTGTACTCACGCCCA-1	1.09861228866811
IU_PDA_T10	PDACP_3_GATTCCTATACGGCGC-1	1.09861228866811
IU_PDA_T10	PDACP_3_GCCGCTTGTGAGAAAC-1	1.09861228866811
IU_PDA_T10	PDACP_3_TGCCAAAGTCAGACTT-1	1.09861228866811
IU_PDA_T10	PDACP_3_TGGCGGTGTGCGATTG-1	1.09861228866811
IU_PDA_T10	PDACP_3_AAAGTAGCATTGCTCA-1	0.693147180559945
IU_PDA_T10	PDACP_3_AACACGACTGTACTGA-1	0.693147180559945
IU_PDA_T10	PDACP_3_AACCTTTAAATACGGT-1	0.693147180559945
IU_PDA_T10	PDACP_3_AATAAGTCCTCGAGAC-1	0.693147180559945
IU_PDA_T10	PDACP_3_AATTAAAGGTCGGCGT-1	0.693147180559945
IU_PDA_T10	PDACP_3_AATTTGGTTCCAAAGA-1	0.693147180559945
IU_PDA_T10	PDACP_3_ACAACGGTCCCTGCGA-1	0.693147180559945
IU_PDA_T10	PDACP_3_ACACACTTTCTACACG-1	0.693147180559945
IU_PDA_T10	PDACP_3_ACATCCCGGCCATACG-1	0.693147180559945
IU_PDA_T10	PDACP_3_ACCATATCCGCAATAA-1	0.693147180559945
IU_PDA_T10	PDACP_3_ACTGTCCAGGATTATA-1	0.693147180559945
IU_PDA_T10	PDACP_3_AGATGACTCGCCCACG-1	0.693147180559945
IU_PDA_T11	PDACP_9_GACAGAGGTCTTCAGT-1	1.79175946922805
IU_PDA_T11	PDACP_9_CTGGCGACATAAGTCC-1	1.38629436111989
IU_PDA_T11	PDACP_9_GACACGAGTTAGAGGA-1	1.38629436111989
IU_PDA_T11	PDACP_9_TCTATCGGTCGCAACA-1	1.38629436111989
IU_PDA_T11	PDACP_9_TTGTGCGGAAGCGGAT-1	1.38629436111989
IU_PDA_T11	PDACP_9_AATGAGTTCGCATATG-1	1.09861228866811
IU_PDA_T11	PDACP_9_ACCGAAGAGTCTGGTT-1	1.09861228866811
IU_PDA_T11	PDACP_9_ATAATACCGTTAGCCG-1	1.09861228866811
IU_PDA_T11	PDACP_9_CACATGATTCAGCAAC-1	1.09861228866811
IU_PDA_T11	PDACP_9_CCTACATTCACAGACG-1	1.09861228866811
IU_PDA_T11	PDACP_9_CCTGATTCGCGAAGAA-1	1.09861228866811
IU_PDA_T11	PDACP_9_CGATTTGTCATTAATG-1	1.09861228866811
IU_PDA_T11	PDACP_9_CGCATGCCGAATGCGT-1	1.09861228866811
IU_PDA_T11	PDACP_9_CTCGCATTGCATAGCC-1	1.09861228866811
IU_PDA_T11	PDACP_9_GACTGCACCAGCCCAG-1	1.09861228866811
IU_PDA_T11	PDACP_9_GACTGCTGGTGAGAAA-1	1.09861228866811
IU_PDA_T11	PDACP_9_GCCAATAGGGCATCTC-1	1.09861228866811
IU_PDA_T11	PDACP_9_GCTGAATCTTCCAATC-1	1.09861228866811
IU_PDA_T11	PDACP_9_GCTTCCCGTAAGCTCC-1	1.09861228866811
IU_PDA_T11	PDACP_9_GGAGAAGTCATTGGCA-1	1.09861228866811
IU_PDA_T11	PDACP_9_GGGATACGGTAATAAT-1	1.09861228866811
IU_PDA_T11	PDACP_9_GTCCTACAGGCGGCTC-1	1.09861228866811
IU_PDA_T11	PDACP_9_GTCGCGTAACCCGTTG-1	1.09861228866811
IU_PDA_T11	PDACP_9_TCATCGACGACCGTCG-1	1.09861228866811
IU_PDA_T11	PDACP_9_TCTCTAATAGCTGGTA-1	1.09861228866811
IU_PDA_T12	PDACP_1_GTTAGCCCATGACATC-1	1.79175946922805
IU_PDA_T12	PDACP_1_AACAATTACTCTACGC-1	1.6094379124341
IU_PDA_T12	PDACP_1_TTCGAGCCGGCGCTAC-1	1.6094379124341
IU_PDA_T12	PDACP_1_AACCTCGCTTTAGCCC-1	1.38629436111989
IU_PDA_T12	PDACP_1_AATGCAACCGGGTACC-1	1.38629436111989
IU_PDA_T12	PDACP_1_ACTACCAGCTCTCTGG-1	1.38629436111989
IU_PDA_T12	PDACP_1_ACTGTAGCACTTTGGA-1	1.38629436111989
IU_PDA_T12	PDACP_1_AGCAACATATCTTATT-1	1.38629436111989
IU_PDA_T12	PDACP_1_AGGGTGCCGTTCTTTA-1	1.38629436111989
IU_PDA_T12	PDACP_1_ATCGCACGCCGGGAGA-1	1.38629436111989
IU_PDA_T12	PDACP_1_ATGCCATTTGCGACCA-1	1.38629436111989
IU_PDA_T12	PDACP_1_CATTTGAGTGGTACGT-1	1.38629436111989
IU_PDA_T12	PDACP_1_CCCTTTGACAGGTCTT-1	1.38629436111989
IU_PDA_T12	PDACP_1_CCTATAATGAGTGCCC-1	1.38629436111989
IU_PDA_T12	PDACP_1_CGCAAACACGAGTTAC-1	1.38629436111989
IU_PDA_T12	PDACP_1_CGTATTAAGAGATCTA-1	1.38629436111989
IU_PDA_T12	PDACP_1_CTAGCATAGTATAATG-1	1.38629436111989
IU_PDA_T12	PDACP_1_CTTCATTGTCAGTGGA-1	1.38629436111989
IU_PDA_T12	PDACP_1_GAAGGGTCATTAAGAC-1	1.38629436111989
IU_PDA_T12	PDACP_1_GACGTTGCTCGGCGGC-1	1.38629436111989
IU_PDA_T12	PDACP_1_GATTTGCGCTAACACC-1	1.38629436111989
IU_PDA_T12	PDACP_1_GCGAGTTCTGCAAAGA-1	1.38629436111989
IU_PDA_T12	PDACP_1_GTGGGCTTAGACACAC-1	1.38629436111989
IU_PDA_T12	PDACP_1_TATGGATGTGCTACGC-1	1.38629436111989
IU_PDA_T12	PDACP_1_TGACGATGCACTAGAA-1	1.38629436111989
IU_PDA_T12	PDACP_1_TGATCACCACACTGAC-1	1.38629436111989
IU_PDA_T12	PDACP_1_TGTGTCGCGAGTTGCA-1	1.38629436111989
IU_PDA_T12	PDACP_1_TTAACACCTCGAACAT-1	1.38629436111989
IU_PDA_T12	PDACP_1_TTCTCAATTGCTACAA-1	1.38629436111989
IU_PDA_T12	PDACP_1_AACGATAGAAGGGCCG-1	1.09861228866811
IU_PDA_T12	PDACP_1_AACTCGATGGCGCAGT-1	1.09861228866811
IU_PDA_T12	PDACP_1_AACTTGCCCGTATGCA-1	1.09861228866811
IU_PDA_T12	PDACP_1_AAGGCGCGTAAAGCTT-1	1.09861228866811
IU_PDA_T12	PDACP_1_AATGACAGCAATGTCT-1	1.09861228866811
IU_PDA_T12	PDACP_1_ACATGGCTCAATTTAG-1	1.09861228866811
IU_PDA_T12	PDACP_1_ACCTAATCGACTTCCT-1	1.09861228866811
IU_PDA_T12	PDACP_1_ACGTACAGATTTCTCT-1	1.09861228866811
IU_PDA_T12	PDACP_1_ACTGTATACGCGAGCA-1	1.09861228866811
IU_PDA_T12	PDACP_1_AGATTCACAACCGATA-1	1.09861228866811
IU_PDA_T12	PDACP_1_AGCCCATACATGTAAG-1	1.09861228866811
IU_PDA_T12	PDACP_1_AGCGACCAACGATATT-1	1.09861228866811
IU_PDA_T12	PDACP_1_AGCGGGTCTGACACTC-1	1.09861228866811
IU_PDA_T12	PDACP_1_AGGTCAGGTGAGAGTG-1	1.09861228866811
IU_PDA_T12	PDACP_1_AGTATAATACTAGGCA-1	1.09861228866811
IU_PDA_T12	PDACP_1_AGTCCATTGGCTGATG-1	1.09861228866811
IU_PDA_T12	PDACP_1_AGTCGGCCCAAACGAC-1	1.09861228866811
IU_PDA_T12	PDACP_1_AGTCGGCTCAACTTTA-1	1.09861228866811
IU_PDA_T12	PDACP_1_ATATCTTAGGGCCTTC-1	1.09861228866811
IU_PDA_T12	PDACP_1_ATCCACATCGACAGAA-1	1.09861228866811
IU_PDA_T12	PDACP_1_ATCGACTCTTTCCGTT-1	1.09861228866811
IU_PDA_T12	PDACP_1_ATGACTATGCGACATT-1	1.09861228866811
IU_PDA_T12	PDACP_1_CATAGCCGCCCGGGAT-1	1.09861228866811
IU_PDA_T12	PDACP_1_CATATTATTTGCCCTA-1	1.09861228866811
IU_PDA_T12	PDACP_1_CATGGCAGGAAGATCG-1	1.09861228866811
IU_PDA_T12	PDACP_1_CATGGGTATGCCTTAT-1	1.09861228866811
IU_PDA_T12	PDACP_1_CCAAATAACAAGATTC-1	1.09861228866811
IU_PDA_T12	PDACP_1_CCAGTGTACAGACCGA-1	1.09861228866811
IU_PDA_T12	PDACP_1_CCCAAGTCATTACACT-1	1.09861228866811
IU_PDA_T12	PDACP_1_CCCGCAGCGCGAACTA-1	1.09861228866811
IU_PDA_T12	PDACP_1_CCCTATGTAGAGCAGA-1	1.09861228866811
IU_PDA_T12	PDACP_1_CCGAACACTGGGCCTC-1	1.09861228866811
IU_PDA_T12	PDACP_1_CCGAGGGATGTTAGGC-1	1.09861228866811
IU_PDA_T12	PDACP_1_CCGCACGTGACCTCGG-1	1.09861228866811
IU_PDA_T12	PDACP_1_CCGCTGGTGCCATTCA-1	1.09861228866811
IU_PDA_T12	PDACP_1_CCTCACCTGAGGGAGC-1	1.09861228866811
IU_PDA_T12	PDACP_1_CCTTCTCAGCGTTCCT-1	1.09861228866811
IU_PDA_T12	PDACP_1_CGAAGTTGCTCTGTGT-1	1.09861228866811
IU_PDA_T12	PDACP_1_CGCCCTTGAAGGCTGA-1	1.09861228866811
IU_PDA_T12	PDACP_1_CGCGACCGCGACAGAT-1	1.09861228866811
IU_PDA_T12	PDACP_1_CGCTATTCTTAGGCTC-1	1.09861228866811
IU_PDA_T12	PDACP_1_CGCTCTCCGTAGATTA-1	1.09861228866811
IU_PDA_T12	PDACP_1_CGGCACTCAAGAAAGT-1	1.09861228866811
IU_PDA_T12	PDACP_1_CGTAACTTCGACACTT-1	1.09861228866811
IU_PDA_T12	PDACP_1_CGTGAAGTTAATTCAC-1	1.09861228866811
IU_PDA_T12	PDACP_1_CGTTTAAGCGGAGCAC-1	1.09861228866811
IU_PDA_T2	PDACP_13_ACCCGAGCGAAATTAC-1	1.38629436111989
IU_PDA_T2	PDACP_13_ATATTATCCCGTATTT-1	1.38629436111989
IU_PDA_T2	PDACP_13_CGCATCATGGCTTCAG-1	1.38629436111989
IU_PDA_T2	PDACP_13_CTAACTGGTCCGGTTC-1	1.38629436111989
IU_PDA_T2	PDACP_13_GTACTAAGATTTGGAG-1	1.38629436111989
IU_PDA_T2	PDACP_13_TTAAGATACCCAGAGA-1	1.38629436111989
IU_PDA_T2	PDACP_13_AAGAGCTCTTTATCGG-1	1.09861228866811
IU_PDA_T2	PDACP_13_AATAATCTTCGTATCG-1	1.09861228866811
IU_PDA_T2	PDACP_13_AATTCGATTCGAGGAT-1	1.09861228866811
IU_PDA_T2	PDACP_13_ACCCACCTACATGCTC-1	1.09861228866811
IU_PDA_T2	PDACP_13_ACCTCGAACTTATGCT-1	1.09861228866811
IU_PDA_T2	PDACP_13_ACGCATACGTTTACTA-1	1.09861228866811
IU_PDA_T2	PDACP_13_ACGGGAGTGTCGGCCC-1	1.09861228866811
IU_PDA_T2	PDACP_13_ACTCGCGATCTGACGC-1	1.09861228866811
IU_PDA_T2	PDACP_13_AGCCCTCCCTGGTGGC-1	1.09861228866811
IU_PDA_T2	PDACP_13_ATACGGTGAAGATGCA-1	1.09861228866811
IU_PDA_T2	PDACP_13_ATCGACCCAATACAGA-1	1.09861228866811
IU_PDA_T2	PDACP_13_ATCTGACATGGAAGGA-1	1.09861228866811
IU_PDA_T2	PDACP_13_CAAACGTGGTCTTGCG-1	1.09861228866811
IU_PDA_T2	PDACP_13_CAATGAGGTTCGACTA-1	1.09861228866811
IU_PDA_T2	PDACP_13_CACAATGAGCTGCTAT-1	1.09861228866811
IU_PDA_T2	PDACP_13_CACATGATTCAGCAAC-1	1.09861228866811
IU_PDA_T2	PDACP_13_CAGGCAGTCTTACCAG-1	1.09861228866811
IU_PDA_T2	PDACP_13_CATAGCGTTGCCCACC-1	1.09861228866811
IU_PDA_T2	PDACP_13_CCAGGCTGGCGTCTGA-1	1.09861228866811
IU_PDA_T2	PDACP_13_CCCTCCTCGCTCGTAT-1	1.09861228866811
IU_PDA_T2	PDACP_13_CCGATATGACGTAAGG-1	1.09861228866811
IU_PDA_T2	PDACP_13_CCGCCGGAACTTCTCG-1	1.09861228866811
IU_PDA_T2	PDACP_13_CCGCGGAATGCGTCAC-1	1.09861228866811
IU_PDA_T2	PDACP_13_CCTATGTCCACTCCAC-1	1.09861228866811
IU_PDA_T2	PDACP_13_CGACCGTTGGTATTCG-1	1.09861228866811
IU_PDA_T2	PDACP_13_CGAGAGCTTTCACTAC-1	1.09861228866811
IU_PDA_T2	PDACP_13_CGCTGGTGACTACCCT-1	1.09861228866811
IU_PDA_T2	PDACP_13_CGGGAAGTACCGTGGC-1	1.09861228866811
IU_PDA_T2	PDACP_13_CGGTGTACTTGATCCC-1	1.09861228866811
IU_PDA_T2	PDACP_13_CTCATCACTTAGTGAT-1	1.09861228866811
IU_PDA_T2	PDACP_13_CTCATTTGATGGGCGG-1	1.09861228866811
IU_PDA_T2	PDACP_13_CTCCTCCAGCTCACAC-1	1.09861228866811
IU_PDA_T2	PDACP_13_GAACCTTTAACGATCC-1	1.09861228866811
IU_PDA_T2	PDACP_13_GAACGATAAGTTAAAG-1	1.09861228866811
IU_PDA_T2	PDACP_13_GACTGCTGGTGAGAAA-1	1.09861228866811
IU_PDA_T2	PDACP_13_GAGACCCTGCAACGCC-1	1.09861228866811
IU_PDA_T2	PDACP_13_GAGAGGCCTATGTGTA-1	1.09861228866811
IU_PDA_T2	PDACP_13_GAGTAGATACTAGTTG-1	1.09861228866811
IU_PDA_T2	PDACP_13_GCAAAGGGCGTTAGCC-1	1.09861228866811
IU_PDA_T2	PDACP_13_GCCATTAGCCTCAAAC-1	1.09861228866811
IU_PDA_T2	PDACP_13_GCTACGACTTATTGGG-1	1.09861228866811
IU_PDA_T2	PDACP_13_GGACAACCATGAAGCC-1	1.09861228866811
IU_PDA_T2	PDACP_13_GGTCGGTCGTCCACAG-1	1.09861228866811
IU_PDA_T2	PDACP_13_GGTGCATAAATGATTA-1	1.09861228866811
IU_PDA_T2	PDACP_13_GGTGTAGGTAAGTAAA-1	1.09861228866811
IU_PDA_T2	PDACP_13_GTCGAATTTGGGCGCT-1	1.09861228866811
IU_PDA_T2	PDACP_13_GTGGAGCGTTTACCGA-1	1.09861228866811
IU_PDA_T2	PDACP_13_GTGGGAAGACTGAATC-1	1.09861228866811
IU_PDA_T2	PDACP_13_TAAGCGCGAATCAAAT-1	1.09861228866811
IU_PDA_T2	PDACP_13_TAAGTGAATAGTCTAC-1	1.09861228866811
IU_PDA_T2	PDACP_13_TACATAGGCATACACC-1	1.09861228866811
IU_PDA_T2	PDACP_13_TACTATGGTTCCTCAG-1	1.09861228866811
IU_PDA_T2	PDACP_13_TAGAACGCCAGTAACG-1	1.09861228866811
IU_PDA_T2	PDACP_13_TCAACAAAGATAATTC-1	1.09861228866811
IU_PDA_T2	PDACP_13_TCAACATAGCGCCCTA-1	1.09861228866811
IU_PDA_T2	PDACP_13_TCAGCAGTAGGCCCTG-1	1.09861228866811
IU_PDA_T3	PDACP_8_CTCGTCTGTGCCTTCG-1	1.38629436111989
IU_PDA_T3	PDACP_8_CTGCTGTCTAACGAGC-1	1.38629436111989
IU_PDA_T3	PDACP_8_AAAGTTGACTCCCGTA-1	1.09861228866811
IU_PDA_T3	PDACP_8_ACCAAACACCCAGCGA-1	1.09861228866811
IU_PDA_T3	PDACP_8_AGAGTTGCAGGCCTCC-1	1.09861228866811
IU_PDA_T3	PDACP_8_AGTTTATGTAAAGACA-1	1.09861228866811
IU_PDA_T3	PDACP_8_ATAATCTTGGAGAACC-1	1.09861228866811
IU_PDA_T3	PDACP_8_CATAGTAGCATAGTAG-1	1.09861228866811
IU_PDA_T3	PDACP_8_CATGGAAATGGGACCA-1	1.09861228866811
IU_PDA_T3	PDACP_8_CCCGAGTTTCTCCGTA-1	1.09861228866811
IU_PDA_T3	PDACP_8_CCGCCGTTGAGGATAA-1	1.09861228866811
IU_PDA_T3	PDACP_8_CGGAGTTTGAGAGACA-1	1.09861228866811
IU_PDA_T3	PDACP_8_GCCAGGCGTTCGCATG-1	1.09861228866811
IU_PDA_T3	PDACP_8_GGCTCTGCTCCAACGC-1	1.09861228866811
IU_PDA_T3	PDACP_8_GTAATAAAGGGCTCCC-1	1.09861228866811
IU_PDA_T3	PDACP_8_GTAGTTCGAAGGCGAA-1	1.09861228866811
IU_PDA_T3	PDACP_8_GTCACCTGTCTATGTC-1	1.09861228866811
IU_PDA_T3	PDACP_8_TAAGATTTAGCGGGAG-1	1.09861228866811
IU_PDA_T3	PDACP_8_TCCGGAGGAAGGGCTG-1	1.09861228866811
IU_PDA_T3	PDACP_8_TCGGACGCCCAGCCCA-1	1.09861228866811
IU_PDA_T3	PDACP_8_TCTCGACGTATCGCCG-1	1.09861228866811
IU_PDA_T3	PDACP_8_TGGCGACTGCTCCAAA-1	1.09861228866811
IU_PDA_T3	PDACP_8_TGGTACCGGCACAGCC-1	1.09861228866811
IU_PDA_T3	PDACP_8_TTAAGATAGGATTGAC-1	1.09861228866811
IU_PDA_T3	PDACP_8_TTAGCAACATGGATGT-1	1.09861228866811
IU_PDA_T3	PDACP_8_AAACAATCTACTAGCA-1	0.693147180559945
IU_PDA_T3	PDACP_8_AAAGGTAAGCTGTACC-1	0.693147180559945
IU_PDA_T3	PDACP_8_AAATGGTCAATGTGCC-1	0.693147180559945
IU_PDA_T3	PDACP_8_AACCGTTGTGTTTGCT-1	0.693147180559945
IU_PDA_T3	PDACP_8_AACTAGGCTTGGGTGT-1	0.693147180559945
IU_PDA_T3	PDACP_8_AACTGATATTAGGCCT-1	0.693147180559945
IU_PDA_T3	PDACP_8_AAGGGACAGATTCTGT-1	0.693147180559945
IU_PDA_T3	PDACP_8_AAGTCTAGTAGCTGCC-1	0.693147180559945
IU_PDA_T4	PDACP_11_GAGCACGGCGCCTCTT-1	1.6094379124341
IU_PDA_T4	PDACP_11_CCATAGTCAGTAACCC-1	1.38629436111989
IU_PDA_T4	PDACP_11_GACGCATACCCGTCGG-1	1.38629436111989
IU_PDA_T4	PDACP_11_AACATATCAACTGGTG-1	1.09861228866811
IU_PDA_T4	PDACP_11_AGAGAACCGTCTAGGA-1	1.09861228866811
IU_PDA_T4	PDACP_11_AGCTTGATCTTAACTT-1	1.09861228866811
IU_PDA_T4	PDACP_11_AGGACGCTCGATGTTG-1	1.09861228866811
IU_PDA_T4	PDACP_11_AGTGAGCCTCGCCGCC-1	1.09861228866811
IU_PDA_T4	PDACP_11_AGTGATTCAAGCAGGA-1	1.09861228866811
IU_PDA_T4	PDACP_11_ATTCGCAGAGGACACT-1	1.09861228866811
IU_PDA_T4	PDACP_11_CACCTAATCAGTTTAC-1	1.09861228866811
IU_PDA_T4	PDACP_11_CAGATAATGGGCGGGT-1	1.09861228866811
IU_PDA_T4	PDACP_11_CATACTTAGGCAATAC-1	1.09861228866811
IU_PDA_T4	PDACP_11_CATTACGTCGGCCCGT-1	1.09861228866811
IU_PDA_T4	PDACP_11_CCACGTAAATTAGACT-1	1.09861228866811
IU_PDA_T4	PDACP_11_CCCGCGCAATGCACCC-1	1.09861228866811
IU_PDA_T4	PDACP_11_CCGAAGCATTGACCAA-1	1.09861228866811
IU_PDA_T4	PDACP_11_CCTACGGCTCAGTCGA-1	1.09861228866811
IU_PDA_T4	PDACP_11_CCTCTGGCCTAGACGG-1	1.09861228866811
IU_PDA_T4	PDACP_11_CCTTTCAATGAAGAAA-1	1.09861228866811
IU_PDA_T4	PDACP_11_CGCAGGCGATCCAAAC-1	1.09861228866811
IU_PDA_T4	PDACP_11_CGCGGTCACAAACCAA-1	1.09861228866811
IU_PDA_T4	PDACP_11_CTACGATCCTATCCTA-1	1.09861228866811
IU_PDA_T4	PDACP_11_CTCTGTTTGAGGATTC-1	1.09861228866811
IU_PDA_T4	PDACP_11_CTGAAAGAGATCCGAC-1	1.09861228866811
IU_PDA_T4	PDACP_11_CTGGCGACATAAGTCC-1	1.09861228866811
IU_PDA_T4	PDACP_11_CTTCATAGCTCAAGAA-1	1.09861228866811
IU_PDA_T4	PDACP_11_GACGTTCGTAAATACA-1	1.09861228866811
IU_PDA_T4	PDACP_11_GACTCGCGGGAATGAC-1	1.09861228866811
IU_PDA_T4	PDACP_11_GATGACGATGATCGCG-1	1.09861228866811
IU_PDA_T4	PDACP_11_GCTCCATGAGTGCAGA-1	1.09861228866811
IU_PDA_T4	PDACP_11_GGCTTTCAATAAGGGT-1	1.09861228866811
IU_PDA_T4	PDACP_11_GGGAGAACTCACAGTA-1	1.09861228866811
IU_PDA_T4	PDACP_11_GGGATTTACCGCACCT-1	1.09861228866811
IU_PDA_T4	PDACP_11_GTCGATAGGTGACTTT-1	1.09861228866811
IU_PDA_T4	PDACP_11_GTTGGATTCAGTGGCT-1	1.09861228866811
IU_PDA_T4	PDACP_11_TAACGCTTTGAGAGCG-1	1.09861228866811
IU_PDA_T4	PDACP_11_TAATACACAGTAGTAT-1	1.09861228866811
IU_PDA_T4	PDACP_11_TAATAGGTCACCAGAA-1	1.09861228866811
IU_PDA_T6	PDACP_5_TACAATGAAACCAGCA-1	1.79175946922805
IU_PDA_T6	PDACP_5_ACAATTTGAGCAGTGG-1	1.38629436111989
IU_PDA_T6	PDACP_5_ACTCAACGAATGTATT-1	1.38629436111989
IU_PDA_T6	PDACP_5_CGGGAATTTATGTAAA-1	1.38629436111989
IU_PDA_T6	PDACP_5_CTTTAGTGCTATTATT-1	1.38629436111989
IU_PDA_T6	PDACP_5_GTAGACAACCGATGAA-1	1.38629436111989
IU_PDA_T6	PDACP_5_TCGTACCGACGTCAAG-1	1.38629436111989
IU_PDA_T6	PDACP_5_AACACGACTGTACTGA-1	1.09861228866811
IU_PDA_T6	PDACP_5_AATATTGGAGTATTGA-1	1.09861228866811
IU_PDA_T6	PDACP_5_ACATCCTGGTAACTGT-1	1.09861228866811
IU_PDA_T6	PDACP_5_ACCACAAGTTTCTATC-1	1.09861228866811
IU_PDA_T6	PDACP_5_ACCCGGATGACGCATC-1	1.09861228866811
IU_PDA_T6	PDACP_5_AGATACCGGTGTTCAC-1	1.09861228866811
IU_PDA_T6	PDACP_5_AGGGTCGATGCGAACT-1	1.09861228866811
IU_PDA_T6	PDACP_5_AGTACAGAAGCTTATA-1	1.09861228866811
IU_PDA_T6	PDACP_5_ATATACGCTCGTGACG-1	1.09861228866811
IU_PDA_T6	PDACP_5_ATGTAGCGCGCGTAGG-1	1.09861228866811
IU_PDA_T6	PDACP_5_CAACCAGTGGCCTACC-1	1.09861228866811
IU_PDA_T6	PDACP_5_CACAATGAGCTGCTAT-1	1.09861228866811
IU_PDA_T6	PDACP_5_CCTATGGCTCCTAGTG-1	1.09861228866811
IU_PDA_T6	PDACP_5_CGAATCTGCTCGACGC-1	1.09861228866811
IU_PDA_T6	PDACP_5_CGCATGCCGAATGCGT-1	1.09861228866811
IU_PDA_T6	PDACP_5_CGCCCAGCGTTTCACG-1	1.09861228866811
IU_PDA_T6	PDACP_5_CGCTCGACATAATGAT-1	1.09861228866811
IU_PDA_T6	PDACP_5_CGTACCTGATAGGCCT-1	1.09861228866811
IU_PDA_T6	PDACP_5_CGTAGCGAATTGTCAG-1	1.09861228866811
IU_PDA_T6	PDACP_5_CGTTTCACTTCGGGCG-1	1.09861228866811
IU_PDA_T6	PDACP_5_CGTTTCGGTTATATGC-1	1.09861228866811
IU_PDA_T6	PDACP_5_CTCATTTGATGGGCGG-1	1.09861228866811
IU_PDA_T6	PDACP_5_CTCCTTTACGCAAGTC-1	1.09861228866811
IU_PDA_T6	PDACP_5_CTCGTCTGTGCCTTCG-1	1.09861228866811
IU_PDA_T6	PDACP_5_GAGAGGTGCATTCTGG-1	1.09861228866811
IU_PDA_T6	PDACP_5_GCAAGTGTAAAGCATG-1	1.09861228866811
IU_PDA_T6	PDACP_5_GCACGCCGATTCCCGC-1	1.09861228866811
IU_PDA_T6	PDACP_5_GCACTGCCTACCTTTA-1	1.09861228866811
IU_PDA_T6	PDACP_5_GCCGCTTGTGAGAAAC-1	1.09861228866811
IU_PDA_T6	PDACP_5_GGAAACCTTGTTGAAT-1	1.09861228866811
IU_PDA_T6	PDACP_5_GGCGGAGTAATATTAG-1	1.09861228866811
IU_PDA_T6	PDACP_5_GGGAACGGGAGGTTAG-1	1.09861228866811
IU_PDA_T6	PDACP_5_GGTGTTGGGCGTCTTA-1	1.09861228866811
IU_PDA_T6	PDACP_5_GGTTCTACTCGTCTGA-1	1.09861228866811
IU_PDA_T6	PDACP_5_GTCCTTTAATGACTTC-1	1.09861228866811
IU_PDA_T6	PDACP_5_GTGCGTGTATATGAGC-1	1.09861228866811
IU_PDA_T8	PDACP_4_CAGAGACGGTCACCCA-1	1.38629436111989
IU_PDA_T8	PDACP_4_GGTTTGACAAGAAGCT-1	1.38629436111989
IU_PDA_T8	PDACP_4_TTCGTTCAACGAAGTT-1	1.38629436111989
IU_PDA_T8	PDACP_4_TTGCTGAAGGAACCAC-1	1.38629436111989
IU_PDA_T8	PDACP_4_AAATTCCAGGTCCAAA-1	1.09861228866811
IU_PDA_T8	PDACP_4_AACGAAAGTCGTCCCA-1	1.09861228866811
IU_PDA_T8	PDACP_4_AATAGCAAGCCTCCTG-1	1.09861228866811
IU_PDA_T8	PDACP_4_AATATCCTAGCAAACT-1	1.09861228866811
IU_PDA_T8	PDACP_4_ACCAACACCACACACT-1	1.09861228866811
IU_PDA_T8	PDACP_4_ACCGGTCAGGTACACC-1	1.09861228866811
IU_PDA_T8	PDACP_4_ACGAGTACGGATGCCC-1	1.09861228866811
IU_PDA_T8	PDACP_4_ACGGAGCGCAAATTAC-1	1.09861228866811
IU_PDA_T8	PDACP_4_ACGTACAGATTTCTCT-1	1.09861228866811
IU_PDA_T8	PDACP_4_AGACTAGCCTTCCAGA-1	1.09861228866811
IU_PDA_T8	PDACP_4_AGCATCATTTCGAAAG-1	1.09861228866811
IU_PDA_T8	PDACP_4_AGCGGTTGCCGCTCTG-1	1.09861228866811
IU_PDA_T8	PDACP_4_AGTGAACAAACTTCTC-1	1.09861228866811
IU_PDA_T8	PDACP_4_AGTTTCGCAGGTCGGA-1	1.09861228866811
IU_PDA_T8	PDACP_4_ATAGTGAAGCGTTCTC-1	1.09861228866811
IU_PDA_T8	PDACP_4_ATCATCTGCCCAGTGT-1	1.09861228866811
IU_PDA_T8	PDACP_4_ATGGCTGGAAATGGCC-1	1.09861228866811
IU_PDA_T8	PDACP_4_ATGTTGATTAGAGACT-1	1.09861228866811
IU_PDA_T8	PDACP_4_ATTCTGAGTATGAACT-1	1.09861228866811
IU_PDA_T8	PDACP_4_ATTCTTCGTACTTATG-1	1.09861228866811
IU_PDA_T8	PDACP_4_ATTGTCTGTTTCATGT-1	1.09861228866811
IU_PDA_T8	PDACP_4_ATTTATACTGGTAAAG-1	1.09861228866811
IU_PDA_T8	PDACP_4_CAAATTGGATTATGCC-1	1.09861228866811
IU_PDA_T8	PDACP_4_CAATTTCGTATAAGGG-1	1.09861228866811
IU_PDA_T8	PDACP_4_CACCTAATCAGTTTAC-1	1.09861228866811
IU_PDA_T8	PDACP_4_CACGACTAAAGTTCTG-1	1.09861228866811
IU_PDA_T8	PDACP_4_CATACTATGTAATTGT-1	1.09861228866811
IU_PDA_T8	PDACP_4_CATGCGTTAGACAGAA-1	1.09861228866811
IU_PDA_T8	PDACP_4_CCCAGTAAACTTGGGA-1	1.09861228866811
IU_PDA_T8	PDACP_4_CCGCCTTGCGATGTCG-1	1.09861228866811
IU_PDA_T8	PDACP_4_CCTCATGCAGCTACGA-1	1.09861228866811
IU_PDA_T8	PDACP_4_CGAACGCCCAGTGCCG-1	1.09861228866811
IU_PDA_T8	PDACP_4_CGACGCATCCGTACCT-1	1.09861228866811
IU_PDA_T8	PDACP_4_CGCAATTAGGGTAATA-1	1.09861228866811
IU_PDA_T8	PDACP_4_CGGTACGGCAAACCCA-1	1.09861228866811
IU_PDA_T8	PDACP_4_CGTACCTGATAGGCCT-1	1.09861228866811
IU_PDA_T8	PDACP_4_CGTCTGGAAGGGCCCG-1	1.09861228866811
IU_PDA_T8	PDACP_4_CGTTGTAAGATTGATT-1	1.09861228866811
IU_PDA_T8	PDACP_4_CTAGGCGCCCTATCAG-1	1.09861228866811
IU_PDA_T8	PDACP_4_CTGTTACCCAATCTAG-1	1.09861228866811
IU_PDA_T8	PDACP_4_GAAGCTCTTTGCTTAG-1	1.09861228866811
IU_PDA_T8	PDACP_4_GAGCCACGGTAGTAGG-1	1.09861228866811
IU_PDA_T8	PDACP_4_GAGGGCCATAATATTA-1	1.09861228866811
IU_PDA_T8	PDACP_4_GAGTCCGCTTACCGGA-1	1.09861228866811
IU_PDA_T8	PDACP_4_GCAAATATTACGCTTT-1	1.09861228866811
IU_PDA_T8	PDACP_4_GCCATTAGCCTCAAAC-1	1.09861228866811
IU_PDA_T8	PDACP_4_GCGCTAAGTATGCATG-1	1.09861228866811
IU_PDA_T8	PDACP_4_GCTATACGTCTCGGAC-1	1.09861228866811
IU_PDA_T8	PDACP_4_GCTCATTACTGCATGT-1	1.09861228866811
IU_PDA_T8	PDACP_4_GGGTCACCGTGACGGT-1	1.09861228866811
IU_PDA_T8	PDACP_4_GGTGCGGATAAGTGGC-1	1.09861228866811
IU_PDA_T8	PDACP_4_GTCTATTGGTTCCGGT-1	1.09861228866811
IU_PDA_T8	PDACP_4_GTCTCGATCTGCTTTC-1	1.09861228866811
IU_PDA_T8	PDACP_4_GTGCTCAAGTACTGTC-1	1.09861228866811
IU_PDA_T8	PDACP_4_GTGTGTCGACGTCGCT-1	1.09861228866811
IU_PDA_T9	PDACP_12_AAATGGTCAATGTGCC-1	1.09861228866811
IU_PDA_T9	PDACP_12_AACAACTGGTAGTTGC-1	1.09861228866811
IU_PDA_T9	PDACP_12_ACTTAGTACGACAAGA-1	1.09861228866811
IU_PDA_T9	PDACP_12_AGCGACCAACGATATT-1	1.09861228866811
IU_PDA_T9	PDACP_12_AGCGGCGGTTAGCGGT-1	1.09861228866811
IU_PDA_T9	PDACP_12_AGTGAACAAACTTCTC-1	1.09861228866811
IU_PDA_T9	PDACP_12_ATGGGTGTATACCTCC-1	1.09861228866811
IU_PDA_T9	PDACP_12_CACCGGTAGAGACATT-1	1.09861228866811
IU_PDA_T9	PDACP_12_CCGGGCTGCTCCATAC-1	1.09861228866811
IU_PDA_T9	PDACP_12_CCGTGTTAAATTCCAT-1	1.09861228866811
IU_PDA_T9	PDACP_12_CTAATTATGAAGCGTA-1	1.09861228866811
IU_PDA_T9	PDACP_12_GCGTCGAAATGTCGGT-1	1.09861228866811
IU_PDA_T9	PDACP_12_GTAGTTTAAGCACACG-1	1.09861228866811
IU_PDA_T9	PDACP_12_GTATCTCGGGCGCTTT-1	1.09861228866811
IU_PDA_T9	PDACP_12_GTCTATCTGAGTTTCT-1	1.09861228866811
IU_PDA_T9	PDACP_12_TGATCGGTTTGACCCT-1	1.09861228866811
IU_PDA_T9	PDACP_12_TGCAGTGGTAGGGAAC-1	1.09861228866811
IU_PDA_T9	PDACP_12_TGGCAATGGGACGGCG-1	1.09861228866811
IU_PDA_T9	PDACP_12_TGGGCAGGCCACCGCA-1	1.09861228866811
IU_PDA_T9	PDACP_12_AAACCGTTCGTCCAGG-1	0.693147180559945
IU_PDA_T9	PDACP_12_AACCGAGCTTGGTCAT-1	0.693147180559945
IU_PDA_T9	PDACP_12_AAGATGGCACCGGACC-1	0.693147180559945
IU_PDA_T9	PDACP_12_AAGGAGCGGTTGGTGC-1	0.693147180559945
IU_PDA_T9	PDACP_12_AAGGGTTAGCCATGCG-1	0.693147180559945
IU_PDA_T9	PDACP_12_AATAGAACAGAGTGGC-1	0.693147180559945
