gene	Origin	cc_ischia_10	n_spots	n_positive	pct_detected	mean_expression_all_spots	mean_positive_expression	median_positive_expression	mean_positive_expression_plot
KCNA5	Normal Pancreas	CC1	0	0	0	0	NA	NA	0
KCNA5	Normal Pancreas	CC2	53	0	0	0	NA	NA	0
KCNA5	Normal Pancreas	CC3	36	0	0	0	NA	NA	0
KCNA5	Normal Pancreas	CC4	3	0	0	0	NA	NA	0
KCNA5	Normal Pancreas	CC5	0	0	0	0	NA	NA	0
KCNA5	Normal Pancreas	CC6	0	0	0	0	NA	NA	0
KCNA5	Normal Pancreas	CC7	21	0	0	0	NA	NA	0
KCNA5	Normal Pancreas	CC8	0	0	0	0	NA	NA	0
KCNA5	Normal Pancreas	CC9	0	0	0	0	NA	NA	0
KCNA5	Normal Pancreas	CC10	9707	59	0.607808797774802	0.00649016173895127	1.06779661016949	1	1.06779661016949
KCNA5	Pancreas	CC1	8639	55	0.636647760157426	0.00659798587799514	1.03636363636364	1	1.03636363636364
KCNA5	Pancreas	CC2	5063	12	0.237013628283626	0.00237013628283626	1	1	1
KCNA5	Pancreas	CC3	3317	6	0.180886343081097	0.00180886343081097	1	1	1
KCNA5	Pancreas	CC4	7976	24	0.300902708124373	0.00300902708124373	1	1	1
KCNA5	Pancreas	CC5	7164	39	0.544388609715243	0.00572305974316025	1.05128205128205	1	1.05128205128205
KCNA5	Pancreas	CC6	0	0	0	0	NA	NA	0
KCNA5	Pancreas	CC7	2572	40	1.5552099533437	0.0159409020217729	1.025	1	1.025
KCNA5	Pancreas	CC8	0	0	0	0	NA	NA	0
KCNA5	Pancreas	CC9	726	4	0.550964187327824	0.00550964187327824	1	1	1
KCNA5	Pancreas	CC10	1	0	0	0	NA	NA	0
KCNAB1	Normal Pancreas	CC1	0	0	0	0	NA	NA	0
KCNAB1	Normal Pancreas	CC2	53	0	0	0	NA	NA	0
KCNAB1	Normal Pancreas	CC3	36	0	0	0	NA	NA	0
KCNAB1	Normal Pancreas	CC4	3	0	0	0	NA	NA	0
KCNAB1	Normal Pancreas	CC5	0	0	0	0	NA	NA	0
KCNAB1	Normal Pancreas	CC6	0	0	0	0	NA	NA	0
KCNAB1	Normal Pancreas	CC7	21	0	0	0	NA	NA	0
KCNAB1	Normal Pancreas	CC8	0	0	0	0	NA	NA	0
KCNAB1	Normal Pancreas	CC9	0	0	0	0	NA	NA	0
KCNAB1	Normal Pancreas	CC10	9707	218	2.24580199855774	0.0227670753064799	1.01376146788991	1	1.01376146788991
KCNAB1	Pancreas	CC1	8639	131	1.51637921055678	0.01574256279662	1.0381679389313	1	1.0381679389313
KCNAB1	Pancreas	CC2	5063	25	0.493778392257555	0.00493778392257555	1	1	1
KCNAB1	Pancreas	CC3	3317	19	0.572806753090142	0.00572806753090142	1	1	1
KCNAB1	Pancreas	CC4	7976	44	0.551654964894684	0.005641925777332	1.02272727272727	1	1.02272727272727
KCNAB1	Pancreas	CC5	7164	103	1.43774427694026	0.0149357900614182	1.03883495145631	1	1.03883495145631
KCNAB1	Pancreas	CC6	0	0	0	0	NA	NA	0
KCNAB1	Pancreas	CC7	2572	45	1.74961119751166	0.0194401244167963	1.11111111111111	1	1.11111111111111
KCNAB1	Pancreas	CC8	0	0	0	0	NA	NA	0
KCNAB1	Pancreas	CC9	726	7	0.964187327823691	0.00964187327823691	1	1	1
KCNAB1	Pancreas	CC10	1	0	0	0	NA	NA	0
KCNAB2	Normal Pancreas	CC1	0	0	0	0	NA	NA	0
KCNAB2	Normal Pancreas	CC2	53	2	3.77358490566038	0.0377358490566038	1	1	1
KCNAB2	Normal Pancreas	CC3	36	1	2.77777777777778	0.0277777777777778	1	1	1
KCNAB2	Normal Pancreas	CC4	3	0	0	0	NA	NA	0
KCNAB2	Normal Pancreas	CC5	0	0	0	0	NA	NA	0
KCNAB2	Normal Pancreas	CC6	0	0	0	0	NA	NA	0
KCNAB2	Normal Pancreas	CC7	21	1	4.76190476190476	0.0476190476190476	1	1	1
KCNAB2	Normal Pancreas	CC8	0	0	0	0	NA	NA	0
KCNAB2	Normal Pancreas	CC9	0	0	0	0	NA	NA	0
KCNAB2	Normal Pancreas	CC10	9707	263	2.7093849799114	0.0275059235603173	1.01520912547529	1	1.01520912547529
KCNAB2	Pancreas	CC1	8639	1135	13.1380946868851	0.164023613844195	1.24845814977974	1	1.24845814977974
KCNAB2	Pancreas	CC2	5063	499	9.85581670946079	0.109618803081177	1.1122244488978	1	1.1122244488978
KCNAB2	Pancreas	CC3	3317	331	9.9788965933072	0.111546578233343	1.1178247734139	1	1.1178247734139
KCNAB2	Pancreas	CC4	7976	674	8.45035105315948	0.0941574724172518	1.11424332344214	1	1.11424332344214
KCNAB2	Pancreas	CC5	7164	881	12.2975991066443	0.149218313791178	1.21339387060159	1	1.21339387060159
KCNAB2	Pancreas	CC6	0	0	0	0	NA	NA	0
KCNAB2	Pancreas	CC7	2572	326	12.6749611197512	0.164074650077761	1.29447852760736	1	1.29447852760736
KCNAB2	Pancreas	CC8	0	0	0	0	NA	NA	0
KCNAB2	Pancreas	CC9	726	111	15.2892561983471	0.18595041322314	1.21621621621622	1	1.21621621621622
KCNAB2	Pancreas	CC10	1	0	0	0	NA	NA	0
KCNB1	Normal Pancreas	CC1	0	0	0	0	NA	NA	0
KCNB1	Normal Pancreas	CC2	53	1	1.88679245283019	0.0188679245283019	1	1	1
KCNB1	Normal Pancreas	CC3	36	1	2.77777777777778	0.0277777777777778	1	1	1
KCNB1	Normal Pancreas	CC4	3	0	0	0	NA	NA	0
KCNB1	Normal Pancreas	CC5	0	0	0	0	NA	NA	0
KCNB1	Normal Pancreas	CC6	0	0	0	0	NA	NA	0
KCNB1	Normal Pancreas	CC7	21	0	0	0	NA	NA	0
KCNB1	Normal Pancreas	CC8	0	0	0	0	NA	NA	0
KCNB1	Normal Pancreas	CC9	0	0	0	0	NA	NA	0
KCNB1	Normal Pancreas	CC10	9707	44	0.453281137323581	0.00453281137323581	1	1	1
KCNB1	Pancreas	CC1	8639	27	0.312536173168191	0.00324111586989235	1.03703703703704	1	1.03703703703704
KCNB1	Pancreas	CC2	5063	12	0.237013628283626	0.00237013628283626	1	1	1
KCNB1	Pancreas	CC3	3317	6	0.180886343081097	0.00180886343081097	1	1	1
KCNB1	Pancreas	CC4	7976	27	0.33851554663992	0.00351053159478435	1.03703703703704	1	1.03703703703704
KCNB1	Pancreas	CC5	7164	41	0.572305974316025	0.00572305974316025	1	1	1
KCNB1	Pancreas	CC6	0	0	0	0	NA	NA	0
KCNB1	Pancreas	CC7	2572	24	0.933125972006221	0.0101088646967341	1.08333333333333	1	1.08333333333333
KCNB1	Pancreas	CC8	0	0	0	0	NA	NA	0
KCNB1	Pancreas	CC9	726	2	0.275482093663912	0.00275482093663912	1	1	1
KCNB1	Pancreas	CC10	1	0	0	0	NA	NA	0
KCNC4	Normal Pancreas	CC1	0	0	0	0	NA	NA	0
KCNC4	Normal Pancreas	CC2	53	2	3.77358490566038	0.0377358490566038	1	1	1
KCNC4	Normal Pancreas	CC3	36	7	19.4444444444444	0.277777777777778	1.42857142857143	1	1.42857142857143
KCNC4	Normal Pancreas	CC4	3	0	0	0	NA	NA	0
KCNC4	Normal Pancreas	CC5	0	0	0	0	NA	NA	0
KCNC4	Normal Pancreas	CC6	0	0	0	0	NA	NA	0
KCNC4	Normal Pancreas	CC7	21	1	4.76190476190476	0.0476190476190476	1	1	1
KCNC4	Normal Pancreas	CC8	0	0	0	0	NA	NA	0
KCNC4	Normal Pancreas	CC9	0	0	0	0	NA	NA	0
KCNC4	Normal Pancreas	CC10	9707	1297	13.3614917070156	0.149067683115278	1.11565150346955	1	1.11565150346955
KCNC4	Pancreas	CC1	8639	395	4.57228845931242	0.0486167380483852	1.06329113924051	1	1.06329113924051
KCNC4	Pancreas	CC2	5063	506	9.99407465929291	0.113174007505432	1.13241106719368	1	1.13241106719368
KCNC4	Pancreas	CC3	3317	434	13.0841121495327	0.16038589086524	1.2258064516129	1	1.2258064516129
KCNC4	Pancreas	CC4	7976	546	6.84553660982949	0.0743480441323972	1.08608058608059	1	1.08608058608059
KCNC4	Pancreas	CC5	7164	483	6.74204355108878	0.0739810161920715	1.09730848861284	1	1.09730848861284
KCNC4	Pancreas	CC6	0	0	0	0	NA	NA	0
KCNC4	Pancreas	CC7	2572	112	4.35458786936236	0.0474339035769829	1.08928571428571	1	1.08928571428571
KCNC4	Pancreas	CC8	0	0	0	0	NA	NA	0
KCNC4	Pancreas	CC9	726	28	3.85674931129477	0.0385674931129477	1	1	1
KCNC4	Pancreas	CC10	1	0	0	0	NA	NA	0
KCND2	Normal Pancreas	CC1	0	0	0	0	NA	NA	0
KCND2	Normal Pancreas	CC2	53	0	0	0	NA	NA	0
KCND2	Normal Pancreas	CC3	36	1	2.77777777777778	0.0277777777777778	1	1	1
KCND2	Normal Pancreas	CC4	3	0	0	0	NA	NA	0
KCND2	Normal Pancreas	CC5	0	0	0	0	NA	NA	0
KCND2	Normal Pancreas	CC6	0	0	0	0	NA	NA	0
KCND2	Normal Pancreas	CC7	21	0	0	0	NA	NA	0
KCND2	Normal Pancreas	CC8	0	0	0	0	NA	NA	0
KCND2	Normal Pancreas	CC9	0	0	0	0	NA	NA	0
KCND2	Normal Pancreas	CC10	9707	70	0.721129082105697	0.00721129082105697	1	1	1
KCND2	Pancreas	CC1	8639	493	5.70667901377474	0.0630860053246904	1.10547667342799	1	1.10547667342799
KCND2	Pancreas	CC2	5063	159	3.14043057475805	0.0321943511751926	1.0251572327044	1	1.0251572327044
KCND2	Pancreas	CC3	3317	104	3.13536328007235	0.0325595417545975	1.03846153846154	1	1.03846153846154
KCND2	Pancreas	CC4	7976	211	2.64543630892678	0.0280842527582748	1.06161137440758	1	1.06161137440758
KCND2	Pancreas	CC5	7164	328	4.5784477945282	0.0503908431044109	1.10060975609756	1	1.10060975609756
KCND2	Pancreas	CC6	0	0	0	0	NA	NA	0
KCND2	Pancreas	CC7	2572	92	3.57698289269051	0.0381026438569207	1.06521739130435	1	1.06521739130435
KCND2	Pancreas	CC8	0	0	0	0	NA	NA	0
KCND2	Pancreas	CC9	726	6	0.826446280991736	0.00964187327823691	1.16666666666667	1	1.16666666666667
KCND2	Pancreas	CC10	1	0	0	0	NA	NA	0
KCND3	Normal Pancreas	CC1	0	0	0	0	NA	NA	0
KCND3	Normal Pancreas	CC2	53	0	0	0	NA	NA	0
KCND3	Normal Pancreas	CC3	36	3	8.33333333333333	0.0833333333333333	1	1	1
KCND3	Normal Pancreas	CC4	3	0	0	0	NA	NA	0
KCND3	Normal Pancreas	CC5	0	0	0	0	NA	NA	0
KCND3	Normal Pancreas	CC6	0	0	0	0	NA	NA	0
KCND3	Normal Pancreas	CC7	21	0	0	0	NA	NA	0
KCND3	Normal Pancreas	CC8	0	0	0	0	NA	NA	0
KCND3	Normal Pancreas	CC9	0	0	0	0	NA	NA	0
KCND3	Normal Pancreas	CC10	9707	407	4.19285052024312	0.0436798186875451	1.04176904176904	1	1.04176904176904
KCND3	Pancreas	CC1	8639	558	6.45908091214261	0.0718833198286839	1.11290322580645	1	1.11290322580645
KCND3	Pancreas	CC2	5063	185	3.65396010270591	0.0400948054513134	1.0972972972973	1	1.0972972972973
KCND3	Pancreas	CC3	3317	116	3.49713596623455	0.0373831775700935	1.06896551724138	1	1.06896551724138
KCND3	Pancreas	CC4	7976	182	2.28184553660983	0.024197592778335	1.06043956043956	1	1.06043956043956
KCND3	Pancreas	CC5	7164	317	4.4249022892239	0.047180346175321	1.06624605678233	1	1.06624605678233
KCND3	Pancreas	CC6	0	0	0	0	NA	NA	0
KCND3	Pancreas	CC7	2572	219	8.51477449455676	0.0948678071539658	1.11415525114155	1	1.11415525114155
KCND3	Pancreas	CC8	0	0	0	0	NA	NA	0
KCND3	Pancreas	CC9	726	45	6.19834710743802	0.0661157024793388	1.06666666666667	1	1.06666666666667
KCND3	Pancreas	CC10	1	0	0	0	NA	NA	0
KCNE4	Normal Pancreas	CC1	0	0	0	0	NA	NA	0
KCNE4	Normal Pancreas	CC2	53	0	0	0	NA	NA	0
KCNE4	Normal Pancreas	CC3	36	1	2.77777777777778	0.0277777777777778	1	1	1
KCNE4	Normal Pancreas	CC4	3	0	0	0	NA	NA	0
KCNE4	Normal Pancreas	CC5	0	0	0	0	NA	NA	0
KCNE4	Normal Pancreas	CC6	0	0	0	0	NA	NA	0
KCNE4	Normal Pancreas	CC7	21	1	4.76190476190476	0.0476190476190476	1	1	1
KCNE4	Normal Pancreas	CC8	0	0	0	0	NA	NA	0
KCNE4	Normal Pancreas	CC9	0	0	0	0	NA	NA	0
KCNE4	Normal Pancreas	CC10	9707	1289	13.2790769547749	0.172040795302359	1.2955779674166	1	1.2955779674166
KCNE4	Pancreas	CC1	8639	1322	15.3026970714203	0.181733996990392	1.18759455370651	1	1.18759455370651
KCNE4	Pancreas	CC2	5063	280	5.53031799328461	0.0586608730001975	1.06071428571429	1	1.06071428571429
KCNE4	Pancreas	CC3	3317	189	5.69791980705457	0.0596924932167621	1.04761904761905	1	1.04761904761905
KCNE4	Pancreas	CC4	7976	474	5.94282848545637	0.0639418254764293	1.07594936708861	1	1.07594936708861
KCNE4	Pancreas	CC5	7164	765	10.678391959799	0.121021775544389	1.13333333333333	1	1.13333333333333
KCNE4	Pancreas	CC6	0	0	0	0	NA	NA	0
KCNE4	Pancreas	CC7	2572	236	9.17573872472784	0.1049766718507	1.14406779661017	1	1.14406779661017
KCNE4	Pancreas	CC8	0	0	0	0	NA	NA	0
KCNE4	Pancreas	CC9	726	31	4.26997245179063	0.0440771349862259	1.03225806451613	1	1.03225806451613
KCNE4	Pancreas	CC10	1	0	0	0	NA	NA	0
KCNJ15	Normal Pancreas	CC1	0	0	0	0	NA	NA	0
KCNJ15	Normal Pancreas	CC2	53	14	26.4150943396226	0.433962264150943	1.64285714285714	1	1.64285714285714
KCNJ15	Normal Pancreas	CC3	36	9	25	0.5	2	2	2
KCNJ15	Normal Pancreas	CC4	3	1	33.3333333333333	0.666666666666667	2	2	2
KCNJ15	Normal Pancreas	CC5	0	0	0	0	NA	NA	0
KCNJ15	Normal Pancreas	CC6	0	0	0	0	NA	NA	0
KCNJ15	Normal Pancreas	CC7	21	1	4.76190476190476	0.0952380952380952	2	2	2
KCNJ15	Normal Pancreas	CC8	0	0	0	0	NA	NA	0
KCNJ15	Normal Pancreas	CC9	0	0	0	0	NA	NA	0
KCNJ15	Normal Pancreas	CC10	9707	3574	36.8187905635109	0.52663026681776	1.43033016228316	1	1.43033016228316
KCNJ15	Pancreas	CC1	8639	581	6.72531543002662	0.0752401898367867	1.11876075731497	1	1.11876075731497
KCNJ15	Pancreas	CC2	5063	436	8.61149516097176	0.111396405293304	1.29357798165138	1	1.29357798165138
KCNJ15	Pancreas	CC3	3317	318	9.58697618329816	0.13023816701839	1.35849056603774	1	1.35849056603774
KCNJ15	Pancreas	CC4	7976	644	8.07422266800401	0.100802407221665	1.24844720496894	1	1.24844720496894
KCNJ15	Pancreas	CC5	7164	626	8.73813512004467	0.107481853713009	1.23003194888179	1	1.23003194888179
KCNJ15	Pancreas	CC6	0	0	0	0	NA	NA	0
KCNJ15	Pancreas	CC7	2572	73	2.83825816485226	0.0338258164852255	1.19178082191781	1	1.19178082191781
KCNJ15	Pancreas	CC8	0	0	0	0	NA	NA	0
KCNJ15	Pancreas	CC9	726	13	1.79063360881543	0.0192837465564738	1.07692307692308	1	1.07692307692308
KCNJ15	Pancreas	CC10	1	0	0	0	NA	NA	0
KCNJ16	Normal Pancreas	CC1	0	0	0	0	NA	NA	0
KCNJ16	Normal Pancreas	CC2	53	22	41.5094339622642	0.509433962264151	1.22727272727273	1	1.22727272727273
KCNJ16	Normal Pancreas	CC3	36	12	33.3333333333333	0.527777777777778	1.58333333333333	1	1.58333333333333
KCNJ16	Normal Pancreas	CC4	3	1	33.3333333333333	0.333333333333333	1	1	1
KCNJ16	Normal Pancreas	CC5	0	0	0	0	NA	NA	0
KCNJ16	Normal Pancreas	CC6	0	0	0	0	NA	NA	0
KCNJ16	Normal Pancreas	CC7	21	2	9.52380952380952	0.142857142857143	1.5	1.5	1.5
KCNJ16	Normal Pancreas	CC8	0	0	0	0	NA	NA	0
KCNJ16	Normal Pancreas	CC9	0	0	0	0	NA	NA	0
KCNJ16	Normal Pancreas	CC10	9707	5223	53.8065313691151	0.945915318842073	1.75799349033123	1	1.75799349033123
KCNJ16	Pancreas	CC1	8639	19	0.219932862599838	0.00231508276420882	1.05263157894737	1	1.05263157894737
KCNJ16	Pancreas	CC2	5063	142	2.80466126802291	0.0298242148923563	1.06338028169014	1	1.06338028169014
KCNJ16	Pancreas	CC3	3317	137	4.13023816701839	0.0431112451009949	1.04379562043796	1	1.04379562043796
KCNJ16	Pancreas	CC4	7976	82	1.02808425275827	0.0125376128385155	1.21951219512195	1	1.21951219512195
KCNJ16	Pancreas	CC5	7164	39	0.544388609715243	0.00544388609715243	1	1	1
KCNJ16	Pancreas	CC6	0	0	0	0	NA	NA	0
KCNJ16	Pancreas	CC7	2572	13	0.505443234836703	0.00816485225505443	1.61538461538462	1	1.61538461538462
KCNJ16	Pancreas	CC8	0	0	0	0	NA	NA	0
KCNJ16	Pancreas	CC9	726	1	0.137741046831956	0.00137741046831956	1	1	1
KCNJ16	Pancreas	CC10	1	0	0	0	NA	NA	0
KCNJ8	Normal Pancreas	CC1	0	0	0	0	NA	NA	0
KCNJ8	Normal Pancreas	CC2	53	3	5.66037735849057	0.0566037735849057	1	1	1
KCNJ8	Normal Pancreas	CC3	36	2	5.55555555555556	0.0833333333333333	1.5	1.5	1.5
KCNJ8	Normal Pancreas	CC4	3	1	33.3333333333333	0.666666666666667	2	2	2
KCNJ8	Normal Pancreas	CC5	0	0	0	0	NA	NA	0
KCNJ8	Normal Pancreas	CC6	0	0	0	0	NA	NA	0
KCNJ8	Normal Pancreas	CC7	21	1	4.76190476190476	0.0476190476190476	1	1	1
KCNJ8	Normal Pancreas	CC8	0	0	0	0	NA	NA	0
KCNJ8	Normal Pancreas	CC9	0	0	0	0	NA	NA	0
KCNJ8	Normal Pancreas	CC10	9707	5406	55.69176882662	1.20933347069125	2.17147613762486	2	2.17147613762486
KCNJ8	Pancreas	CC1	8639	924	10.6956823706448	0.126635027202222	1.18398268398268	1	1.18398268398268
KCNJ8	Pancreas	CC2	5063	353	6.97215089867667	0.0744617815524393	1.06798866855524	1	1.06798866855524
KCNJ8	Pancreas	CC3	3317	215	6.48176062707266	0.068736810370817	1.06046511627907	1	1.06046511627907
KCNJ8	Pancreas	CC4	7976	568	7.12136409227683	0.0784854563691073	1.10211267605634	1	1.10211267605634
KCNJ8	Pancreas	CC5	7164	753	10.5108877721943	0.119207146845338	1.13413014608234	1	1.13413014608234
KCNJ8	Pancreas	CC6	0	0	0	0	NA	NA	0
KCNJ8	Pancreas	CC7	2572	352	13.6858475894246	0.167185069984448	1.22159090909091	1	1.22159090909091
KCNJ8	Pancreas	CC8	0	0	0	0	NA	NA	0
KCNJ8	Pancreas	CC9	726	56	7.71349862258953	0.081267217630854	1.05357142857143	1	1.05357142857143
KCNJ8	Pancreas	CC10	1	0	0	0	NA	NA	0
KCNK1	Normal Pancreas	CC1	0	0	0	0	NA	NA	0
KCNK1	Normal Pancreas	CC2	53	11	20.7547169811321	0.377358490566038	1.81818181818182	2	1.81818181818182
KCNK1	Normal Pancreas	CC3	36	12	33.3333333333333	0.527777777777778	1.58333333333333	1.5	1.58333333333333
KCNK1	Normal Pancreas	CC4	3	0	0	0	NA	NA	0
KCNK1	Normal Pancreas	CC5	0	0	0	0	NA	NA	0
KCNK1	Normal Pancreas	CC6	0	0	0	0	NA	NA	0
KCNK1	Normal Pancreas	CC7	21	0	0	0	NA	NA	0
KCNK1	Normal Pancreas	CC8	0	0	0	0	NA	NA	0
KCNK1	Normal Pancreas	CC9	0	0	0	0	NA	NA	0
KCNK1	Normal Pancreas	CC10	9707	543	5.59390130833419	0.0588235294117647	1.05156537753223	1	1.05156537753223
KCNK1	Pancreas	CC1	8639	656	7.59347146660493	0.0838059960643593	1.10365853658537	1	1.10365853658537
KCNK1	Pancreas	CC2	5063	1670	32.9843966028047	0.517479755085917	1.5688622754491	1	1.5688622754491
KCNK1	Pancreas	CC3	3317	1550	46.7289719626168	0.839312631896292	1.79612903225806	1	1.79612903225806
KCNK1	Pancreas	CC4	7976	1490	18.6810431293882	0.238214643931795	1.2751677852349	1	1.2751677852349
KCNK1	Pancreas	CC5	7164	1085	15.1451702959241	0.176716917922948	1.1668202764977	1	1.1668202764977
KCNK1	Pancreas	CC6	0	0	0	0	NA	NA	0
KCNK1	Pancreas	CC7	2572	184	7.15396578538103	0.0762052877138414	1.06521739130435	1	1.06521739130435
KCNK1	Pancreas	CC8	0	0	0	0	NA	NA	0
KCNK1	Pancreas	CC9	726	22	3.03030303030303	0.0316804407713499	1.04545454545455	1	1.04545454545455
KCNK1	Pancreas	CC10	1	0	0	0	NA	NA	0
KCNK15	Normal Pancreas	CC1	0	0	0	0	NA	NA	0
KCNK15	Normal Pancreas	CC2	53	3	5.66037735849057	0.0566037735849057	1	1	1
KCNK15	Normal Pancreas	CC3	36	2	5.55555555555556	0.0555555555555556	1	1	1
KCNK15	Normal Pancreas	CC4	3	0	0	0	NA	NA	0
KCNK15	Normal Pancreas	CC5	0	0	0	0	NA	NA	0
KCNK15	Normal Pancreas	CC6	0	0	0	0	NA	NA	0
KCNK15	Normal Pancreas	CC7	21	0	0	0	NA	NA	0
KCNK15	Normal Pancreas	CC8	0	0	0	0	NA	NA	0
KCNK15	Normal Pancreas	CC9	0	0	0	0	NA	NA	0
KCNK15	Normal Pancreas	CC10	9707	81	0.834449366436592	0.00834449366436592	1	1	1
KCNK15	Pancreas	CC1	8639	43	0.497742794304896	0.00497742794304896	1	1	1
KCNK15	Pancreas	CC2	5063	40	0.790045427612088	0.0080979656330239	1.025	1	1.025
KCNK15	Pancreas	CC3	3317	50	1.50738619234248	0.0153753391618933	1.02	1	1.02
KCNK15	Pancreas	CC4	7976	42	0.526579739217653	0.00539117352056168	1.02380952380952	1	1.02380952380952
KCNK15	Pancreas	CC5	7164	38	0.530429927414852	0.00544388609715243	1.02631578947368	1	1.02631578947368
KCNK15	Pancreas	CC6	0	0	0	0	NA	NA	0
KCNK15	Pancreas	CC7	2572	23	0.894245723172628	0.00894245723172628	1	1	1
KCNK15	Pancreas	CC8	0	0	0	0	NA	NA	0
KCNK15	Pancreas	CC9	726	8	1.10192837465565	0.0110192837465565	1	1	1
KCNK15	Pancreas	CC10	1	0	0	0	NA	NA	0
KCNK17	Normal Pancreas	CC1	0	0	0	0	NA	NA	0
KCNK17	Normal Pancreas	CC2	53	2	3.77358490566038	0.0377358490566038	1	1	1
KCNK17	Normal Pancreas	CC3	36	2	5.55555555555556	0.0555555555555556	1	1	1
KCNK17	Normal Pancreas	CC4	3	0	0	0	NA	NA	0
KCNK17	Normal Pancreas	CC5	0	0	0	0	NA	NA	0
KCNK17	Normal Pancreas	CC6	0	0	0	0	NA	NA	0
KCNK17	Normal Pancreas	CC7	21	2	9.52380952380952	0.142857142857143	1.5	1.5	1.5
KCNK17	Normal Pancreas	CC8	0	0	0	0	NA	NA	0
KCNK17	Normal Pancreas	CC9	0	0	0	0	NA	NA	0
KCNK17	Normal Pancreas	CC10	9707	248	2.55485731946018	0.0259606469558051	1.01612903225806	1	1.01612903225806
KCNK17	Pancreas	CC1	8639	224	2.59289269591388	0.0290542886908207	1.12053571428571	1	1.12053571428571
KCNK17	Pancreas	CC2	5063	64	1.26407268417934	0.0138257949832115	1.09375	1	1.09375
KCNK17	Pancreas	CC3	3317	40	1.20590895387398	0.0129635212541453	1.075	1	1.075
KCNK17	Pancreas	CC4	7976	155	1.94332998996991	0.02018555667001	1.03870967741935	1	1.03870967741935
KCNK17	Pancreas	CC5	7164	168	2.34505862646566	0.0249860413176996	1.06547619047619	1	1.06547619047619
KCNK17	Pancreas	CC6	0	0	0	0	NA	NA	0
KCNK17	Pancreas	CC7	2572	95	3.69362363919129	0.0454898911353033	1.23157894736842	1	1.23157894736842
KCNK17	Pancreas	CC8	0	0	0	0	NA	NA	0
KCNK17	Pancreas	CC9	726	11	1.51515151515152	0.0165289256198347	1.09090909090909	1	1.09090909090909
KCNK17	Pancreas	CC10	1	0	0	0	NA	NA	0
KCNK3	Normal Pancreas	CC1	0	0	0	0	NA	NA	0
KCNK3	Normal Pancreas	CC2	53	4	7.54716981132075	0.0754716981132075	1	1	1
KCNK3	Normal Pancreas	CC3	36	0	0	0	NA	NA	0
KCNK3	Normal Pancreas	CC4	3	0	0	0	NA	NA	0
KCNK3	Normal Pancreas	CC5	0	0	0	0	NA	NA	0
KCNK3	Normal Pancreas	CC6	0	0	0	0	NA	NA	0
KCNK3	Normal Pancreas	CC7	21	0	0	0	NA	NA	0
KCNK3	Normal Pancreas	CC8	0	0	0	0	NA	NA	0
KCNK3	Normal Pancreas	CC9	0	0	0	0	NA	NA	0
KCNK3	Normal Pancreas	CC10	9707	4741	48.8410425466158	0.941897599670341	1.92849609786965	1	1.92849609786965
KCNK3	Pancreas	CC1	8639	159	1.84049079754601	0.0199097117721959	1.08176100628931	1	1.08176100628931
KCNK3	Pancreas	CC2	5063	109	2.15287379024294	0.0231088287576536	1.07339449541284	1	1.07339449541284
KCNK3	Pancreas	CC3	3317	51	1.53753391618933	0.0153753391618933	1	1	1
KCNK3	Pancreas	CC4	7976	165	2.06870611835507	0.0214393179538616	1.03636363636364	1	1.03636363636364
KCNK3	Pancreas	CC5	7164	177	2.47068676716918	0.0269402568397543	1.09039548022599	1	1.09039548022599
KCNK3	Pancreas	CC6	0	0	0	0	NA	NA	0
KCNK3	Pancreas	CC7	2572	408	15.8631415241058	0.392690513219285	2.47549019607843	2	2.47549019607843
KCNK3	Pancreas	CC8	0	0	0	0	NA	NA	0
KCNK3	Pancreas	CC9	726	25	3.4435261707989	0.0371900826446281	1.08	1	1.08
KCNK3	Pancreas	CC10	1	1	100	2	2	2	2
KCNK6	Normal Pancreas	CC1	0	0	0	0	NA	NA	0
KCNK6	Normal Pancreas	CC2	53	2	3.77358490566038	0.0377358490566038	1	1	1
KCNK6	Normal Pancreas	CC3	36	2	5.55555555555556	0.0555555555555556	1	1	1
KCNK6	Normal Pancreas	CC4	3	0	0	0	NA	NA	0
KCNK6	Normal Pancreas	CC5	0	0	0	0	NA	NA	0
KCNK6	Normal Pancreas	CC6	0	0	0	0	NA	NA	0
KCNK6	Normal Pancreas	CC7	21	0	0	0	NA	NA	0
KCNK6	Normal Pancreas	CC8	0	0	0	0	NA	NA	0
KCNK6	Normal Pancreas	CC9	0	0	0	0	NA	NA	0
KCNK6	Normal Pancreas	CC10	9707	943	9.71463892036675	0.106005975069537	1.09119830328738	1	1.09119830328738
KCNK6	Pancreas	CC1	8639	923	10.6841069568237	0.12327815719412	1.15384615384615	1	1.15384615384615
KCNK6	Pancreas	CC2	5063	672	13.2727631838831	0.158601619593127	1.19494047619048	1	1.19494047619048
KCNK6	Pancreas	CC3	3317	608	18.3298160988845	0.232137473620742	1.26644736842105	1	1.26644736842105
KCNK6	Pancreas	CC4	7976	847	10.6193580742227	0.124122367101304	1.16883116883117	1	1.16883116883117
KCNK6	Pancreas	CC5	7164	849	11.8509212730318	0.134422110552764	1.13427561837456	1	1.13427561837456
KCNK6	Pancreas	CC6	0	0	0	0	NA	NA	0
KCNK6	Pancreas	CC7	2572	211	8.20373250388803	0.0917573872472784	1.11848341232227	1	1.11848341232227
KCNK6	Pancreas	CC8	0	0	0	0	NA	NA	0
KCNK6	Pancreas	CC9	726	43	5.9228650137741	0.0619834710743802	1.04651162790698	1	1.04651162790698
KCNK6	Pancreas	CC10	1	0	0	0	NA	NA	0
KCNMA1	Normal Pancreas	CC1	0	0	0	0	NA	NA	0
KCNMA1	Normal Pancreas	CC2	53	14	26.4150943396226	0.377358490566038	1.42857142857143	1	1.42857142857143
KCNMA1	Normal Pancreas	CC3	36	10	27.7777777777778	0.388888888888889	1.4	1	1.4
KCNMA1	Normal Pancreas	CC4	3	1	33.3333333333333	0.333333333333333	1	1	1
KCNMA1	Normal Pancreas	CC5	0	0	0	0	NA	NA	0
KCNMA1	Normal Pancreas	CC6	0	0	0	0	NA	NA	0
KCNMA1	Normal Pancreas	CC7	21	2	9.52380952380952	0.0952380952380952	1	1	1
KCNMA1	Normal Pancreas	CC8	0	0	0	0	NA	NA	0
KCNMA1	Normal Pancreas	CC9	0	0	0	0	NA	NA	0
KCNMA1	Normal Pancreas	CC10	9707	1340	13.8044710003091	0.156278973936335	1.13208955223881	1	1.13208955223881
KCNMA1	Pancreas	CC1	8639	2122	24.5630281282556	0.33869660840375	1.37888784165881	1	1.37888784165881
KCNMA1	Pancreas	CC2	5063	473	9.34228718151294	0.111988939364013	1.19873150105708	1	1.19873150105708
KCNMA1	Pancreas	CC3	3317	278	8.38106722942418	0.0943623756406391	1.12589928057554	1	1.12589928057554
KCNMA1	Pancreas	CC4	7976	981	12.2993981945838	0.152081243731194	1.23649337410805	1	1.23649337410805
KCNMA1	Pancreas	CC5	7164	1721	24.0228922389726	0.339056393076494	1.41138872748402	1	1.41138872748402
KCNMA1	Pancreas	CC6	0	0	0	0	NA	NA	0
KCNMA1	Pancreas	CC7	2572	524	20.3732503888025	0.292768273716952	1.43702290076336	1	1.43702290076336
KCNMA1	Pancreas	CC8	0	0	0	0	NA	NA	0
KCNMA1	Pancreas	CC9	726	75	10.3305785123967	0.126721763085399	1.22666666666667	1	1.22666666666667
KCNMA1	Pancreas	CC10	1	0	0	0	NA	NA	0
KCNMB1	Normal Pancreas	CC1	0	0	0	0	NA	NA	0
KCNMB1	Normal Pancreas	CC2	53	1	1.88679245283019	0.0188679245283019	1	1	1
KCNMB1	Normal Pancreas	CC3	36	0	0	0	NA	NA	0
KCNMB1	Normal Pancreas	CC4	3	0	0	0	NA	NA	0
KCNMB1	Normal Pancreas	CC5	0	0	0	0	NA	NA	0
KCNMB1	Normal Pancreas	CC6	0	0	0	0	NA	NA	0
KCNMB1	Normal Pancreas	CC7	21	0	0	0	NA	NA	0
KCNMB1	Normal Pancreas	CC8	0	0	0	0	NA	NA	0
KCNMB1	Normal Pancreas	CC9	0	0	0	0	NA	NA	0
KCNMB1	Normal Pancreas	CC10	9707	91	0.937467806737406	0.00978675182857732	1.04395604395604	1	1.04395604395604
KCNMB1	Pancreas	CC1	8639	807	9.34135895358259	0.106841069568237	1.14374225526642	1	1.14374225526642
KCNMB1	Pancreas	CC2	5063	234	4.62176575153071	0.0511554414378827	1.10683760683761	1	1.10683760683761
KCNMB1	Pancreas	CC3	3317	107	3.2258064516129	0.035875791377751	1.11214953271028	1	1.11214953271028
KCNMB1	Pancreas	CC4	7976	413	5.17803410230692	0.0599297893681043	1.15738498789346	1	1.15738498789346
KCNMB1	Pancreas	CC5	7164	759	10.5946398659966	0.127442769402568	1.20289855072464	1	1.20289855072464
KCNMB1	Pancreas	CC6	0	0	0	0	NA	NA	0
KCNMB1	Pancreas	CC7	2572	225	8.74805598755832	0.103810264385692	1.18666666666667	1	1.18666666666667
KCNMB1	Pancreas	CC8	0	0	0	0	NA	NA	0
KCNMB1	Pancreas	CC9	726	44	6.06060606060606	0.0633608815426997	1.04545454545455	1	1.04545454545455
KCNMB1	Pancreas	CC10	1	0	0	0	NA	NA	0
KCNMB4	Normal Pancreas	CC1	0	0	0	0	NA	NA	0
KCNMB4	Normal Pancreas	CC2	53	1	1.88679245283019	0.0188679245283019	1	1	1
KCNMB4	Normal Pancreas	CC3	36	0	0	0	NA	NA	0
KCNMB4	Normal Pancreas	CC4	3	0	0	0	NA	NA	0
KCNMB4	Normal Pancreas	CC5	0	0	0	0	NA	NA	0
KCNMB4	Normal Pancreas	CC6	0	0	0	0	NA	NA	0
KCNMB4	Normal Pancreas	CC7	21	1	4.76190476190476	0.0476190476190476	1	1	1
KCNMB4	Normal Pancreas	CC8	0	0	0	0	NA	NA	0
KCNMB4	Normal Pancreas	CC9	0	0	0	0	NA	NA	0
KCNMB4	Normal Pancreas	CC10	9707	175	1.80282270526424	0.0182342639332441	1.01142857142857	1	1.01142857142857
KCNMB4	Pancreas	CC1	8639	601	6.95682370644751	0.077439518462785	1.11314475873544	1	1.11314475873544
KCNMB4	Pancreas	CC2	5063	238	4.70077029429192	0.0495753505826585	1.0546218487395	1	1.0546218487395
KCNMB4	Pancreas	CC3	3317	154	4.64274947241483	0.0524570394935182	1.12987012987013	1	1.12987012987013
KCNMB4	Pancreas	CC4	7976	426	5.34102306920762	0.0565446339017051	1.05868544600939	1	1.05868544600939
KCNMB4	Pancreas	CC5	7164	553	7.71915131211614	0.0850083752093802	1.10126582278481	1	1.10126582278481
KCNMB4	Pancreas	CC6	0	0	0	0	NA	NA	0
KCNMB4	Pancreas	CC7	2572	186	7.23172628304821	0.0777604976671851	1.0752688172043	1	1.0752688172043
KCNMB4	Pancreas	CC8	0	0	0	0	NA	NA	0
KCNMB4	Pancreas	CC9	726	49	6.74931129476584	0.068870523415978	1.02040816326531	1	1.02040816326531
KCNMB4	Pancreas	CC10	1	0	0	0	NA	NA	0
KCNN3	Normal Pancreas	CC1	0	0	0	0	NA	NA	0
KCNN3	Normal Pancreas	CC2	53	2	3.77358490566038	0.0377358490566038	1	1	1
KCNN3	Normal Pancreas	CC3	36	1	2.77777777777778	0.0277777777777778	1	1	1
KCNN3	Normal Pancreas	CC4	3	0	0	0	NA	NA	0
KCNN3	Normal Pancreas	CC5	0	0	0	0	NA	NA	0
KCNN3	Normal Pancreas	CC6	0	0	0	0	NA	NA	0
KCNN3	Normal Pancreas	CC7	21	1	4.76190476190476	0.0476190476190476	1	1	1
KCNN3	Normal Pancreas	CC8	0	0	0	0	NA	NA	0
KCNN3	Normal Pancreas	CC9	0	0	0	0	NA	NA	0
KCNN3	Normal Pancreas	CC10	9707	159	1.63799320078294	0.016585968888431	1.0125786163522	1	1.0125786163522
KCNN3	Pancreas	CC1	8639	272	3.148512559324	0.0327584211135548	1.04044117647059	1	1.04044117647059
KCNN3	Pancreas	CC2	5063	82	1.61959312660478	0.0167884653367569	1.03658536585366	1	1.03658536585366
KCNN3	Pancreas	CC3	3317	69	2.08019294543262	0.0214048839312632	1.02898550724638	1	1.02898550724638
KCNN3	Pancreas	CC4	7976	137	1.71765295887663	0.0175526579739218	1.02189781021898	1	1.02189781021898
KCNN3	Pancreas	CC5	7164	216	3.01507537688442	0.0321049692908989	1.06481481481481	1	1.06481481481481
KCNN3	Pancreas	CC6	0	0	0	0	NA	NA	0
KCNN3	Pancreas	CC7	2572	107	4.1601866251944	0.0454898911353033	1.09345794392523	1	1.09345794392523
KCNN3	Pancreas	CC8	0	0	0	0	NA	NA	0
KCNN3	Pancreas	CC9	726	16	2.20385674931129	0.0220385674931129	1	1	1
KCNN3	Pancreas	CC10	1	0	0	0	NA	NA	0
KCNN4	Normal Pancreas	CC1	0	0	0	0	NA	NA	0
KCNN4	Normal Pancreas	CC2	53	3	5.66037735849057	0.0566037735849057	1	1	1
KCNN4	Normal Pancreas	CC3	36	6	16.6666666666667	0.166666666666667	1	1	1
KCNN4	Normal Pancreas	CC4	3	0	0	0	NA	NA	0
KCNN4	Normal Pancreas	CC5	0	0	0	0	NA	NA	0
KCNN4	Normal Pancreas	CC6	0	0	0	0	NA	NA	0
KCNN4	Normal Pancreas	CC7	21	0	0	0	NA	NA	0
KCNN4	Normal Pancreas	CC8	0	0	0	0	NA	NA	0
KCNN4	Normal Pancreas	CC9	0	0	0	0	NA	NA	0
KCNN4	Normal Pancreas	CC10	9707	22	0.22664056866179	0.00236942412691872	1.04545454545455	1	1.04545454545455
KCNN4	Pancreas	CC1	8639	477	5.52147239263804	0.0590346104873249	1.06918238993711	1	1.06918238993711
KCNN4	Pancreas	CC2	5063	960	18.9610902626901	0.239778787280269	1.26458333333333	1	1.26458333333333
KCNN4	Pancreas	CC3	3317	996	30.0271329514622	0.429002110340669	1.42871485943775	1	1.42871485943775
KCNN4	Pancreas	CC4	7976	1147	14.3806419257773	0.171013039117352	1.18918918918919	1	1.18918918918919
KCNN4	Pancreas	CC5	7164	872	12.1719709659408	0.141401451702959	1.16169724770642	1	1.16169724770642
KCNN4	Pancreas	CC6	0	0	0	0	NA	NA	0
KCNN4	Pancreas	CC7	2572	69	2.68273716951788	0.0287713841368585	1.07246376811594	1	1.07246376811594
KCNN4	Pancreas	CC8	0	0	0	0	NA	NA	0
KCNN4	Pancreas	CC9	726	25	3.4435261707989	0.0385674931129477	1.12	1	1.12
KCNN4	Pancreas	CC10	1	0	0	0	NA	NA	0
KCNQ4	Normal Pancreas	CC1	0	0	0	0	NA	NA	0
KCNQ4	Normal Pancreas	CC2	53	2	3.77358490566038	0.0377358490566038	1	1	1
KCNQ4	Normal Pancreas	CC3	36	0	0	0	NA	NA	0
KCNQ4	Normal Pancreas	CC4	3	0	0	0	NA	NA	0
KCNQ4	Normal Pancreas	CC5	0	0	0	0	NA	NA	0
KCNQ4	Normal Pancreas	CC6	0	0	0	0	NA	NA	0
KCNQ4	Normal Pancreas	CC7	21	0	0	0	NA	NA	0
KCNQ4	Normal Pancreas	CC8	0	0	0	0	NA	NA	0
KCNQ4	Normal Pancreas	CC9	0	0	0	0	NA	NA	0
KCNQ4	Normal Pancreas	CC10	9707	197	2.02946327392603	0.0208097249407644	1.0253807106599	1	1.0253807106599
KCNQ4	Pancreas	CC1	8639	114	1.31959717559903	0.0138904965852529	1.05263157894737	1	1.05263157894737
KCNQ4	Pancreas	CC2	5063	205	4.04898281651195	0.044835078016986	1.10731707317073	1	1.10731707317073
KCNQ4	Pancreas	CC3	3317	157	4.73319264395538	0.0530599939704552	1.12101910828025	1	1.12101910828025
KCNQ4	Pancreas	CC4	7976	205	2.57021063189569	0.0277081243731194	1.0780487804878	1	1.0780487804878
KCNQ4	Pancreas	CC5	7164	174	2.42881072026801	0.0249860413176996	1.02873563218391	1	1.02873563218391
KCNQ4	Pancreas	CC6	0	0	0	0	NA	NA	0
KCNQ4	Pancreas	CC7	2572	37	1.43856920684292	0.0147744945567652	1.02702702702703	1	1.02702702702703
KCNQ4	Pancreas	CC8	0	0	0	0	NA	NA	0
KCNQ4	Pancreas	CC9	726	6	0.826446280991736	0.00826446280991736	1	1	1
KCNQ4	Pancreas	CC10	1	0	0	0	NA	NA	0
KCNS3	Normal Pancreas	CC1	0	0	0	0	NA	NA	0
KCNS3	Normal Pancreas	CC2	53	2	3.77358490566038	0.0566037735849057	1.5	1.5	1.5
KCNS3	Normal Pancreas	CC3	36	3	8.33333333333333	0.0833333333333333	1	1	1
KCNS3	Normal Pancreas	CC4	3	1	33.3333333333333	0.333333333333333	1	1	1
KCNS3	Normal Pancreas	CC5	0	0	0	0	NA	NA	0
KCNS3	Normal Pancreas	CC6	0	0	0	0	NA	NA	0
KCNS3	Normal Pancreas	CC7	21	0	0	0	NA	NA	0
KCNS3	Normal Pancreas	CC8	0	0	0	0	NA	NA	0
KCNS3	Normal Pancreas	CC9	0	0	0	0	NA	NA	0
KCNS3	Normal Pancreas	CC10	9707	1078	11.1053878644277	0.12527042340579	1.12801484230056	1	1.12801484230056
KCNS3	Pancreas	CC1	8639	1235	14.2956360689895	0.170737353860401	1.19433198380567	1	1.19433198380567
KCNS3	Pancreas	CC2	5063	683	13.4900256764764	0.158009085522418	1.17130307467057	1	1.17130307467057
KCNS3	Pancreas	CC3	3317	421	12.6921917395237	0.150437141995779	1.18527315914489	1	1.18527315914489
KCNS3	Pancreas	CC4	7976	1087	13.6283851554664	0.159353059177533	1.16927322907084	1	1.16927322907084
KCNS3	Pancreas	CC5	7164	1114	15.5499720826354	0.184812953657175	1.18850987432675	1	1.18850987432675
KCNS3	Pancreas	CC6	0	0	0	0	NA	NA	0
KCNS3	Pancreas	CC7	2572	189	7.34836702954899	0.0855365474339036	1.16402116402116	1	1.16402116402116
KCNS3	Pancreas	CC8	0	0	0	0	NA	NA	0
KCNS3	Pancreas	CC9	726	18	2.47933884297521	0.0247933884297521	1	1	1
KCNS3	Pancreas	CC10	1	0	0	0	NA	NA	0
KCNT2	Normal Pancreas	CC1	0	0	0	0	NA	NA	0
KCNT2	Normal Pancreas	CC2	53	0	0	0	NA	NA	0
KCNT2	Normal Pancreas	CC3	36	0	0	0	NA	NA	0
KCNT2	Normal Pancreas	CC4	3	0	0	0	NA	NA	0
KCNT2	Normal Pancreas	CC5	0	0	0	0	NA	NA	0
KCNT2	Normal Pancreas	CC6	0	0	0	0	NA	NA	0
KCNT2	Normal Pancreas	CC7	21	0	0	0	NA	NA	0
KCNT2	Normal Pancreas	CC8	0	0	0	0	NA	NA	0
KCNT2	Normal Pancreas	CC9	0	0	0	0	NA	NA	0
KCNT2	Normal Pancreas	CC10	9707	33	0.339960852992686	0.00350262697022767	1.03030303030303	1	1.03030303030303
KCNT2	Pancreas	CC1	8639	88	1.01863641625188	0.0104178724389397	1.02272727272727	1	1.02272727272727
KCNT2	Pancreas	CC2	5063	23	0.45427612087695	0.0045427612087695	1	1	1
KCNT2	Pancreas	CC3	3317	20	0.602954476936991	0.00602954476936991	1	1	1
KCNT2	Pancreas	CC4	7976	50	0.626880641925777	0.00626880641925777	1	1	1
KCNT2	Pancreas	CC5	7164	61	0.851479620323841	0.00851479620323841	1	1	1
KCNT2	Pancreas	CC6	0	0	0	0	NA	NA	0
KCNT2	Pancreas	CC7	2572	22	0.855365474339036	0.00855365474339036	1	1	1
KCNT2	Pancreas	CC8	0	0	0	0	NA	NA	0
KCNT2	Pancreas	CC9	726	3	0.413223140495868	0.00413223140495868	1	1	1
KCNT2	Pancreas	CC10	1	0	0	0	NA	NA	0
