gene	n_cohorts	beta_pooled	se_pooled	hr	hr_low	hr_high	p_value	tau2	I2	H2	QE	QEp	pred_hr_low	pred_hr_high	model_status	p_adj_bh	effect_direction	significant_fdr
KCNT2	4	-0.188238298959592	0.0220992424834875	0.828417272735196	0.772156560030797	0.888777241934782	0.00339890593046833	0	0	1	0.311298878516995	0.957889647238842	0.772156560030797	0.888777241934782	ok	0.0849726482617082	Protective_when_high	FALSE
KCNMB4	4	0.235371164590097	0.043026202610015	1.26537834521724	1.10345104800372	1.45106786516852	0.0120083847313134	0	0	1	0.877308520002275	0.830900042514739	1.10345104800372	1.45106786516852	ok	0.150104809141417	Adverse_when_high	FALSE
KCNA5	4	-0.0831897721917054	0.0190202662852334	0.920176506737256	0.866129582400547	0.97759598650864	0.0221142744599222	0	0	1	0.241906216553168	0.97055643518717	0.866129582400547	0.97759598650864	ok	0.150429815765796	Protective_when_high	FALSE
KCNE4	4	-0.23622930116638	0.0557563118410818	0.789599597064447	0.66121860858139	0.942906802066497	0.0240687705225273	0	0	1	1.67240292406657	0.643086584582229	0.66121860858139	0.942906802066497	ok	0.150429815765796	Protective_when_high	FALSE
KCNMA1	4	-0.14857970028831	0.0392426286131915	0.861931308259101	0.760737243453139	0.976586313541004	0.0323069957024744	0	0	1	1.02576475688479	0.795017980492192	0.760737243453139	0.976586313541004	ok	0.15500503552003	Protective_when_high	FALSE
KCNC4	4	-0.20979313820975	0.0585486815525473	0.810751942222832	0.672925150303969	0.976808061819618	0.0372012085248071	0	0	1	2.03222699095899	0.565744887293839	0.672925150303969	0.976808061819618	ok	0.15500503552003	Protective_when_high	FALSE
KCNK6	4	0.181717049961694	0.0548489397878845	1.19927481101422	1.00718896158865	1.42799427633183	0.045288848955736	0	0	1	2.07099897842124	0.557802111472557	1.00718896158865	1.42799427633183	ok	0.161745889127629	Adverse_when_high	FALSE
KCNAB1	4	-0.212359773840509	0.0746425729259587	0.808673705579212	0.637688248187078	1.02550605872756	0.065375925046633	0.00496875173797506	20.2428518096939	1.253806113546	3.52327563534512	0.317755872409535	0.583279871773289	1.12116531658647	ok	0.204299765770728	Protective_when_high	FALSE
KCNK1	4	-0.118300371124406	0.0458738801355025	0.888429154068354	0.767749683833354	1.02807774254966	0.0818637528306502	0	0	1	1.37205438263619	0.712098212692045	0.767749683833354	1.02807774254966	ok	0.227399313418473	Protective_when_high	FALSE
KCNN3	4	-0.169537173907892	0.0710313836166752	0.844055377060313	0.673282188200541	1.05814395810546	0.0970214544811163	5.58850431013304e-06	0.0268365355693379	1.00026843739499	3.06183674955754	0.38218908187589	0.673197927290845	1.05827640083721	ok	0.242553636202791	Protective_when_high	FALSE
KCND3	4	-0.0936821165497348	0.0413809701289203	0.910572172062804	0.798216965380058	1.0387422423932	0.108534933701988	0	0	1	1.00360185262629	0.800380414952149	0.798216965380058	1.0387422423932	ok	0.246670303868155	Protective_when_high	FALSE
KCNK17	4	-0.138372817102855	0.0771169250784975	0.870773991785851	0.681272238141645	1.11298729394726	0.170647361825025	0.00730359656114976	24.2943402882742	1.32090520551281	3.4316000288359	0.329742320873032	0.603681570126083	1.25603858440187	ok	0.345233236244762	Protective_when_high	FALSE
KCND2	4	-0.0800368604918594	0.0469013905437813	0.923082320491174	0.795091546966409	1.07167655555439	0.186457163334887	0	0	1	1.20169648130847	0.752597454173525	0.795091546966409	1.07167655555439	ok	0.345233236244762	Protective_when_high	FALSE
KCNK3	4	-0.0714616177262681	0.0427678462885663	0.931032012034612	0.812557992344373	1.0667799905977	0.193330612297067	0	0	1	0.982386754488398	0.805513735521475	0.812557992344373	1.0667799905977	ok	0.345233236244762	Protective_when_high	FALSE
KCNN4	4	0.0494466085712043	0.0376516784717875	1.05068949290398	0.932041594063331	1.18444114246666	0.280507091045639	0	0	1	0.760512341142544	0.85888673109948	0.932041594063331	1.18444114246666	ok	0.444938393086238	Adverse_when_high	FALSE
KCNS3	4	-0.0505126338641793	0.03888500074516	0.950741917052201	0.840076717618812	1.07598529263163	0.284760571575192	0	0	1	0.885887034922383	0.828832187695449	0.840076717618812	1.07598529263163	ok	0.444938393086238	Protective_when_high	FALSE
KCNB1	4	-0.0669870027128755	0.0626844296822984	0.935207356416317	0.766073750113851	1.14168224582191	0.363582736061916	0	0	1	2.11828320218234	0.548222811860366	0.766073750113851	1.14168224582191	ok	0.534680494208701	Protective_when_high	FALSE
KCNK15	4	-0.0449211259969165	0.0444632313195848	0.95607288815519	0.829922486566992	1.1013984827023	0.386765804319047	0	0	1	1.13734617219322	0.768067066913161	0.829922486566992	1.1013984827023	ok	0.537174728220898	Protective_when_high	FALSE
KCNA7	4	0.0295520303255046	0.0313114520862464	1.0299930249501	0.932305260983791	1.13791659861104	0.414895647065639	0	0	1	0.685138138122235	0.876693916705142	0.932305260983791	1.13791659861104	ok	0.545915325086367	Adverse_when_high	FALSE
KCNMB1	4	-0.0465901895518837	0.0818139951416893	0.95447847270218	0.735680883770169	1.23834827701802	0.608889397688628	0.00850586839693688	28.6452264269105	1.40144793392931	3.95963893460164	0.265855507298196	0.644718975736314	1.413063969168	ok	0.719863936505881	Protective_when_high	FALSE
KCNJ15	4	0.0138068591963256	0.0244250744933804	1.01390261406056	0.938075700681164	1.09585879908452	0.611401943903832	0	0	1	0.362575757391409	0.947860187729349	0.938075700681164	1.09585879908452	ok	0.719863936505881	Adverse_when_high	FALSE
KCNJ8	4	-0.0290233201882207	0.054870076924831	0.971393811115954	0.815752406254301	1.15673080341515	0.633480264125175	0	0	1	1.502426252939	0.681710465736702	0.815752406254301	1.15673080341515	ok	0.719863936505881	Protective_when_high	FALSE
KCNJ16	4	0.0298902015642492	0.0634272983486328	1.03034139786877	0.842009678862743	1.26079714142482	0.669612599206946	0.0015768324427184	6.94355011474678	1.07461653784675	2.44362444705875	0.485565609554949	0.81199655486734	1.30739889202561	ok	0.727839781746681	Adverse_when_high	FALSE
KCNQ4	4	0.00686584827613638	0.035202574216512	1.00688947224766	0.900176472813146	1.12625295144058	0.857824689764911	0	0	1	0.740008377363349	0.863755625752827	0.900176472813146	1.12625295144058	ok	0.893567385171783	Adverse_when_high	FALSE
KCNAB2	4	0.00238269314731949	0.0416507068825922	1.0023855340165	0.877947532518984	1.14446105443529	0.957977722299669	0	0	1	0.949205007647198	0.813540146631345	0.877947532518984	1.14446105443529	ok	0.957977722299669	Adverse_when_high	FALSE
