orig.ident	gene	n_icaf_spots	n_other_spots	mean_normexpr_icaf	mean_normexpr_other	log2fc_icaf_vs_other	pct_positive_icaf	pct_positive_other	delta_pct_positive	auc_icaf_vs_other	mannwhitney_pvalue	mannwhitney_fdr
IU_PDA_T1	KCNAB2	54	3476	0.6291273530010579	0.21442021121188393	1.552906752999526	0.07407407407407407	0.03653624856156502	0.03753782551250905	0.5196106635980053	0.1304812868998415	1.0
IU_PDA_T1	KCNQ4	54	3476	0.0	0.057000518762092355	-15.798712738850485	0.0	0.007479861910241657	-0.007479861910241657	0.4962600690448792	0.523900641675495	1.0
IU_PDA_T1	KCNC4	54	3476	0.5040822684465316	0.27586906203613787	0.8696731680749689	0.037037037037037035	0.03711162255466053	-7.458551762349469e-05	0.5000266376848655	0.9985247804356281	1.0
IU_PDA_T1	KCND3	54	3476	0.14507637517073618	0.17381430462181496	-0.26073257004350675	0.037037037037037035	0.02186421173762946	0.015172825299407576	0.5074106039295913	0.4624591608823626	1.0
IU_PDA_T1	KCNN3	54	3476	0.0	0.08324503355320116	-16.34509391288107	0.0	0.01093210586881473	-0.01093210586881473	0.4945339470655926	0.4401143890760011	1.0
IU_PDA_T1	KCNT2	54	3476	0.0	0.03164320289086048	-14.949653606639435	0.0	0.0034522439585730723	-0.0034522439585730723	0.4982738780207135	0.6659074955710425	1.0
IU_PDA_T1	KCNK1	54	3476	0.387609878343357	0.24905360525080159	0.6381469726940445	0.05555555555555555	0.04861910241657077	0.006936453138984784	0.5039343860546392	0.7900935680061631	1.0
IU_PDA_T1	KCNS3	54	3476	0.2950986074756343	0.7324791061932944	-1.311587575382878	0.05555555555555555	0.10586881472957423	-0.050313259174018674	0.47467288922985124	0.22949785270626444	1.0
IU_PDA_T1	KCNK3	54	3476	0.042876866215602036	0.023840566814045342	0.8467540633780428	0.018518518518518517	0.0020138089758342925	0.016504709542684223	0.5082337083919363	0.01159931017395979	0.6588758185506383
IU_PDA_T1	KCNE4	54	3476	0.7625801186377025	0.7561740660319117	0.0121705316870706	0.05555555555555555	0.09551208285385501	-0.03995652729829946	0.4811138814303371	0.34825070478328	1.0
IU_PDA_T1	KCNAB1	54	3476	0.0	0.025115908975780723	-14.616371308759062	0.0	0.0031645569620253164	-0.0031645569620253164	0.49841772151898733	0.6794065739643393	1.0
IU_PDA_T1	KCNMB1	54	3476	0.17760869942059626	0.2738804572017705	-0.624841222829695	0.037037037037037035	0.0333716915995397	0.0036653454374973374	0.5016568639986362	0.8932691068418765	1.0
IU_PDA_T1	KCNK17	54	3476	0.09824147755182236	0.030629220535423697	1.6813911898461336	0.018518518518518517	0.005753739930955121	0.012764778587563396	0.5064036994416741	0.2248328596223509	1.0
IU_PDA_T1	KCND2	54	3476	0.0	0.22528178818558958	-17.781377568978456	0.0	0.03308400460299195	-0.03308400460299195	0.483457997698504	0.1743770777589163	1.0
IU_PDA_T1	KCNMA1	54	3476	0.5063484474194491	1.05396624663004	-1.0576247518550883	0.037037037037037035	0.11939010356731876	-0.08235306653028172	0.46013404083024334	0.0724553894550615	1.0
IU_PDA_T1	KCNA5	54	3476	0.0	0.0036640033290174963	-11.83959879345906	0.0	0.0011507479861910242	-0.0011507479861910242	0.4994246260069045	0.8039555621727098	1.0
IU_PDA_T1	KCNJ8	54	3476	0.5221423628499529	0.3808840977483382	0.4550901331903032	0.037037037037037035	0.05379746835443038	-0.016760431317393347	0.4923603119805651	0.6209834884415906	1.0
IU_PDA_T1	KCNMB4	54	3476	0.0	0.2208346686923327	-17.752613685002018	0.0	0.035960874568469504	-0.035960874568469504	0.48201956271576524	0.15614822240028434	1.0
IU_PDA_T1	KCNJ16	54	3476	0.0	0.03000254751173886	-14.872845469437792	0.0	0.005753739930955121	-0.005753739930955121	0.49712313003452246	0.5765763521599612	1.0
IU_PDA_T1	KCNK6	54	3476	1.2902236634897888	0.35605416258347955	1.8574496241482632	0.1111111111111111	0.05379746835443038	0.05731364275668072	0.5301858244896219	0.052995314830775644	1.0
IU_PDA_T1	KCNN4	54	3476	0.49022470722275135	0.1812378509414233	1.4355538912161248	0.05555555555555555	0.03452243958573072	0.02103311596982483	0.5112304479393087	0.3720712963427034	1.0
IU_PDA_T1	KCNB1	54	3476	0.0	0.009123581480943027	-13.155542672669227	0.0	0.0008630609896432681	-0.0008630609896432681	0.49956846950517836	0.8300707867247455	1.0
IU_PDA_T1	KCNJ15	54	3476	0.47413285910234826	0.09839791361084069	2.268580130801389	0.05555555555555555	0.014959723820483314	0.04059583173507224	0.5203725013851596	0.016471354866852337	0.7825761088063738
IU_PDA_T1	KCNK15	54	3476	0.0	0.023899559985870265	-14.544756800239723	0.0	0.0020138089758342925	-0.0020138089758342925	0.4989930955120829	0.7420245921859427	1.0
IU_PDA_T10	KCNAB2	34	2680	0.31057829678862037	0.5078950555295676	-0.7095716067033013	0.029411764705882353	0.08507462686567165	-0.05566286215978929	0.4730245829675154	0.261526679928476	1.0
IU_PDA_T10	KCNQ4	34	2680	0.0	0.0484920687874521	-15.565490934260152	0.0	0.005970149253731343	-0.005970149253731343	0.49701492537313435	0.6520210992543105	1.0
IU_PDA_T10	KCNC4	34	2680	0.3905944848058745	0.1492098298117967	1.3883230210302777	0.029411764705882353	0.03171641791044776	-0.00230465320456541	0.49925921861281825	0.9612158009919478	1.0
IU_PDA_T10	KCND3	34	2680	0.0	0.09493444119807613	-16.534659152733287	0.0	0.018656716417910446	-0.018656716417910446	0.4906716417910448	0.42184782435644397	1.0
IU_PDA_T10	KCNN3	34	2680	0.0	0.1289671802934996	-16.9766556346946	0.0	0.019402985074626865	-0.019402985074626865	0.49029850746268655	0.4125304121811739	1.0
IU_PDA_T10	KCNT2	34	2680	0.0	0.0075966448083965585	-12.891336551923926	0.0	0.0026119402985074628	-0.0026119402985074628	0.4986940298507463	0.7664057719075676	1.0
IU_PDA_T10	KCNK1	34	2680	0.9127463132340115	1.0140122382462409	-0.15178906522245914	0.058823529411764705	0.1705223880597015	-0.11169885864793679	0.448578797190518	0.11407071496627126	0.9514374571846996
IU_PDA_T10	KCNS3	34	2680	0.0	0.3171872511067879	-18.274979807950675	0.0	0.054104477611940295	-0.054104477611940295	0.47294776119402987	0.16367649500714454	1.0
IU_PDA_T10	KCNK3	34	2680	0.02122520365582908	0.015599111112878048	0.44429006092808726	0.029411764705882353	0.004104477611940298	0.025307287093942053	0.5125932835820896	0.02793141567760018	0.6286500889550943
IU_PDA_T10	KCNE4	34	2680	0.2605116448705257	0.36321476343493314	-0.47947341610711164	0.029411764705882353	0.05	-0.02058823529411765	0.4900735294117647	0.5971603302694075	1.0
IU_PDA_T10	KCNAB1	34	2680	0.0	0.012630324020507594	-13.624718250480543	0.0	0.001119402985074627	-0.001119402985074627	0.4994402985074627	0.8467651171474002	1.0
IU_PDA_T10	KCNMB1	34	2680	0.0	0.10273005194458035	-16.648512797429618	0.0	0.017164179104477612	-0.017164179104477612	0.4914179104477612	0.44141207958072093	1.0
IU_PDA_T10	KCNK17	34	2680	0.0	0.036597310964275986	-15.159489448285784	0.0	0.008582089552238806	-0.008582089552238806	0.4957089552238806	0.5880387338027038	1.0
IU_PDA_T10	KCND2	34	2680	0.0	0.0784807609102144	-16.26006979149311	0.0	0.010447761194029851	-0.010447761194029851	0.49477611940298505	0.5496032326577085	1.0
IU_PDA_T10	KCNMA1	34	2680	1.0448638715334402	0.4526245610815991	1.2069264108130475	0.11764705882352941	0.06343283582089553	0.054214223002633885	0.528544776119403	0.1773531206800556	1.0
IU_PDA_T10	KCNA5	34	2680	0.21754263835711798	0.014998473518111505	3.8583210605784592	0.029411764705882353	0.0018656716417910447	0.02754609306409131	0.5137785338015803	0.0006794239648767767	0.06266460311103178
IU_PDA_T10	KCNJ8	34	2680	1.4286803964593544	0.2864683085532977	2.3182317372101053	0.11764705882352941	0.050746268656716415	0.066900790166813	0.5347124670763828	0.06918356303357666	0.8659338063158714
IU_PDA_T10	KCNMB4	34	2680	0.0	0.06130409707718969	-15.90371940815196	0.0	0.010447761194029851	-0.010447761194029851	0.49477611940298505	0.5496032307021781	1.0
IU_PDA_T10	KCNJ16	34	2680	0.0	0.012927235888778196	-13.658237806426438	0.0	0.0029850746268656717	-0.0029850746268656717	0.49850746268656715	0.7506233672745759	1.0
IU_PDA_T10	KCNK6	34	2680	0.2133333989914421	0.44118627082563716	-1.0482745557359987	0.058823529411764705	0.08208955223880597	-0.023266022827041266	0.487774363476734	0.6058450725117784	1.0
IU_PDA_T10	KCNN4	34	2680	0.0	0.3222980541892358	-18.298040429143605	0.0	0.060820895522388056	-0.060820895522388056	0.469589552238806	0.13840261202487003	0.9878143428404014
IU_PDA_T10	KCNB1	34	2680	0.0	0.008029620847499428	-12.971295811506126	0.0	0.0026119402985074628	-0.0026119402985074628	0.4986940298507463	0.7664057719075676	1.0
IU_PDA_T10	KCNJ15	34	2680	0.46027800791678175	0.07589285880421005	2.6004535914704	0.029411764705882353	0.01082089552238806	0.018590869183494292	0.5094216417910448	0.29673673725583605	1.0
IU_PDA_T10	KCNK15	34	2680	0.0	0.03780023021418864	-15.206145566245233	0.0	0.008582089552238806	-0.008582089552238806	0.4957089552238806	0.5880387338027038	1.0
IU_PDA_T12	KCNAB2	188	3454	0.6001599034942123	0.5325219768467802	0.1725055651201889	0.3617021276595745	0.36479444122756227	-0.003092313567987781	0.5124270041518314	0.5050944471018106	0.8276535778432783
IU_PDA_T12	KCNQ4	188	3454	0.031711458847877426	0.052140992836628236	-0.717395980735518	0.026595744680851064	0.05327156919513607	-0.026675824514285008	0.4869377471694859	0.11604653467639221	0.3753471881714906
IU_PDA_T12	KCNC4	188	3454	0.1730322436105531	0.14938984999826901	0.21195745135357338	0.13297872340425532	0.14678633468442387	-0.013807611280168552	0.49615385799997536	0.7721819231043416	0.9805997977364077
IU_PDA_T12	KCND3	188	3454	0.3957182783186482	0.15642851277582487	1.338964626624144	0.25	0.1447596988998263	0.10524030110017371	0.5600167551651493	7.972715691660584e-06	0.00019251795124275686
IU_PDA_T12	KCNN3	188	3454	0.20842654913646882	0.0776982870104235	1.423572714747148	0.12234042553191489	0.07035321366531558	0.05198721186659931	0.5282658712069879	0.003757550227536612	0.034549766814651904
IU_PDA_T12	KCNT2	188	3454	0.01310786580900865	0.01574189764964175	-0.264158241153953	0.015957446808510637	0.01679212507237985	-0.0008346782638692131	0.49959652083923667	0.9332246224308718	1.0
IU_PDA_T12	KCNK1	188	3454	0.14059158710104644	0.2934172125436519	-1.0614378935102453	0.11170212765957446	0.23306311522872034	-0.12136098756914587	0.44152401163005583	0.00022608120378006126	0.003514570789953637
IU_PDA_T12	KCNS3	188	3454	0.45218769447267515	0.4056195486695335	0.15679418169673467	0.2765957446808511	0.29588882455124493	-0.01929307987039386	0.5021144156020155	0.9034525907471161	1.0
IU_PDA_T12	KCNK3	188	3454	0.11116378661015901	0.07364785276041362	0.5939649040833559	0.0851063829787234	0.06745801968731906	0.017648363291404345	0.5097666596853478	0.3018961458773335	0.6453796580863953
IU_PDA_T12	KCNE4	188	3454	0.6290845139919321	0.4258134463385229	0.5630312454446891	0.32978723404255317	0.2999420961204401	0.029845137922113074	0.5280371816826621	0.11025072166182641	0.3637684238788604
IU_PDA_T12	KCNAB1	188	3454	0.059576056613645643	0.05767975859250957	0.04666671103083978	0.0425531914893617	0.04834973943254198	-0.005796547943180276	0.49745438529487856	0.7507940363788483	0.966067271704435
IU_PDA_T12	KCNMB1	188	3454	0.24556164078546835	0.28007221257897863	-0.18971291457082604	0.1595744680851064	0.22235089751013318	-0.06277642942502679	0.4717495287609802	0.07104494083098381	0.27626051887922487
IU_PDA_T12	KCNK17	188	3454	0.23546807625197846	0.1251566813407382	0.9117907689161013	0.16489361702127658	0.10191082802547771	0.06298278899579887	0.5338198696546711	0.0033065142412801456	0.031187906863060433
IU_PDA_T12	KCND2	188	3454	0.12347952072311442	0.17075060532312733	-0.46761567010191735	0.10638297872340426	0.15402431962941518	-0.04764134090601092	0.4772773472631177	0.09211958024019436	0.3249794261115531
IU_PDA_T12	KCNMA1	188	3454	0.7594333196871348	0.7089389063677778	0.0992618555259645	0.3882978723404255	0.4299363057324841	-0.04163843339205858	0.4903850299991376	0.6218378198501548	0.9004972572498237
IU_PDA_T12	KCNA5	188	3454	0.0505417712395221	0.027948172490231706	0.8546991999640476	0.031914893617021274	0.024898668210770122	0.007016225406251152	0.503728332245069	0.5259277915508266	0.8416642482932878
IU_PDA_T12	KCNJ8	188	3454	0.4579801334065127	0.26566431296750204	0.785678295280675	0.2712765957446808	0.2020845396641575	0.06919205608052334	0.5417577831438111	0.0062479112738867155	0.0512111206704787
IU_PDA_T12	KCNMB4	188	3454	0.245452407539106	0.19518895838451655	0.33057036038567306	0.1595744680851064	0.1647365373480023	-0.005162069262895919	0.5016747465165272	0.9045371256286986	1.0
IU_PDA_T12	KCNJ16	188	3454	0.0	0.003907415209279354	-11.932368024370831	0.0	0.0052113491603937466	-0.0052113491603937466	0.4973943254198031	0.3212772434648006	0.6661738534619157
IU_PDA_T12	KCNK6	188	3454	0.3152864909265866	0.4007608731901206	-0.34607733104635063	0.22872340425531915	0.3167342211928199	-0.08801081693750076	0.46157245992928336	0.03048303145963726	0.15723057996750922
IU_PDA_T12	KCNN4	188	3454	0.11668540173350152	0.2756573197894366	-1.2402447011321271	0.09574468085106383	0.2356687898089172	-0.13992410895785337	0.4312545429905506	1.5338083117377745e-05	0.0003426271176270162
IU_PDA_T12	KCNB1	188	3454	0.021624702620063104	0.010699818979062225	1.015025790316068	0.015957446808510637	0.010422698320787493	0.005534748487723144	0.502779694218236	0.47096155850812993	0.8032610685784519
IU_PDA_T12	KCNJ15	188	3454	0.0987090185989618	0.32465854865707244	-1.717659217582166	0.06914893617021277	0.2484076433121019	-0.17925870714188913	0.40984858751493797	2.493077454256164e-08	1.1069140170969119e-06
IU_PDA_T12	KCNK15	188	3454	0.0040339367026924105	0.010733227762274016	-1.4116004583254849	0.005319148936170213	0.01013317892298784	-0.004814029986817628	0.4975937550049896	0.5161786664001434	0.8340242801063542
IU_PDA_T2	KCNAB2	38	4080	0.6476962229503845	0.22203042060439943	1.5445557055402521	0.07894736842105263	0.05392156862745098	0.025025799793601644	0.5141898864809081	0.44203445121164586	0.9089404590366876
IU_PDA_T2	KCNQ4	38	4080	0.0	0.042535554593590985	-15.376415561130976	0.0	0.011764705882352941	-0.011764705882352941	0.49411764705882355	0.5015263829231544	0.93976453761064
IU_PDA_T2	KCNC4	38	4080	0.3619778469557663	0.23992971549913228	0.5932875319760201	0.02631578947368421	0.05588235294117647	-0.029566563467492264	0.4859004127966976	0.4506360938791323	0.9150216179124767
IU_PDA_T2	KCND3	38	4080	0.27768909867115604	0.07137190191263995	1.9600274007286507	0.07894736842105263	0.01911764705882353	0.059829721362229096	0.5300245098039216	0.007987536789431317	0.1624102224696529
IU_PDA_T2	KCNN3	38	4080	0.0	0.05166647073406142	-15.656968641118715	0.0	0.012990196078431373	-0.012990196078431373	0.49350490196078434	0.47975607921286767	0.9316326938660902
IU_PDA_T2	KCNT2	38	4080	0.0	0.019120478145475347	-14.222906431671467	0.0	0.004656862745098039	-0.004656862745098039	0.497671568627451	0.6737519536727664	0.9785353139790642
IU_PDA_T2	KCNK1	38	4080	0.49717439970922434	0.5720732722522966	-0.2024475504263814	0.07894736842105263	0.13872549019607844	-0.05977812177502581	0.4704011867905057	0.29441482909464045	0.7985394174610281
IU_PDA_T2	KCNS3	38	4080	0.6211083962316649	0.5161107071843634	0.2671640369796354	0.05263157894736842	0.11936274509803922	-0.0667311661506708	0.4695175438596491	0.24889513337469893	0.7548444341925459
IU_PDA_T2	KCNK3	38	4080	0.09046335329557997	0.14493845005304262	-0.6800289977517144	0.02631578947368421	0.03333333333333333	-0.007017543859649124	0.4965557275541796	0.8139036313354273	0.9785353139790642
IU_PDA_T2	KCNE4	38	4080	0.5531732859127843	0.21403091696217674	1.369908144063552	0.07894736842105263	0.05269607843137255	0.026251289989680078	0.5143608101135191	0.43162726932833895	0.9019070243493504
IU_PDA_T2	KCNAB1	38	4080	0.0	0.0227528840670105	-14.473825212593932	0.0	0.005637254901960784	-0.005637254901960784	0.4971813725490196	0.6429754812824311	0.9785353139790642
IU_PDA_T2	KCNMB1	38	4080	0.13014732677390806	0.07678852140987753	0.7611754027860123	0.02631578947368421	0.018627450980392157	0.0076883384932920525	0.5039344685242518	0.7217750627570328	0.9785353139790642
IU_PDA_T2	KCNK17	38	4080	0.40264603978010094	0.1519786013323418	1.405638028425883	0.05263157894736842	0.037745098039215684	0.014886480908152734	0.508062435500516	0.6045601331476422	0.9785353139790642
IU_PDA_T2	KCND2	38	4080	0.0	0.10356076397532339	-16.660131918530016	0.0	0.022794117647058822	-0.022794117647058822	0.4886029411764706	0.3467488419413898	0.8405875936671572
IU_PDA_T2	KCNMA1	38	4080	1.1575774213937695	0.45511264873073015	1.3468111756344474	0.15789473684210525	0.1034313725490196	0.05446336429308565	0.529827786377709	0.23139644830724182	0.738825240821106
IU_PDA_T2	KCNA5	38	4080	0.0	0.01846365017845773	-14.172478309811094	0.0	0.005147058823529412	-0.005147058823529412	0.4974264705882353	0.6579290289406501	0.9785353139790642
IU_PDA_T2	KCNJ8	38	4080	1.6822938843218935	0.28521469882555245	2.5603053155433457	0.10526315789473684	0.07107843137254902	0.03418472652218782	0.5190595975232198	0.3642458663102336	0.8575593797222381
IU_PDA_T2	KCNMB4	38	4080	0.30923371884470285	0.19922051744563574	0.6343288267809278	0.02631578947368421	0.04779411764705882	-0.02147832817337461	0.4898381062951496	0.5583943422479087	0.971311290740686
IU_PDA_T2	KCNJ16	38	4080	0.0	0.05434918115351712	-15.729997223428441	0.0	0.01764705882352941	-0.01764705882352941	0.49117647058823527	0.40897224595907156	0.8875367370461694
IU_PDA_T2	KCNK6	38	4080	0.13663442094332404	0.35699146496155826	-1.3855620917100404	0.02631578947368421	0.08799019607843138	-0.06167440660474717	0.4698239164086687	0.19055052206238454	0.696531254599029
IU_PDA_T2	KCNN4	38	4080	0.9320004808130162	0.8143093154062974	0.1947535691006012	0.07894736842105263	0.17818627450980393	-0.0992389060887513	0.4539828431372549	0.14180574411561214	0.63355521838137
IU_PDA_T2	KCNB1	38	4080	0.0	0.01325379596014331	-13.694226841564875	0.0	0.0031862745098039215	-0.0031862745098039215	0.49840686274509804	0.7280163006983696	0.9785353139790642
IU_PDA_T2	KCNJ15	38	4080	0.0	0.5667025962152711	-19.11223483203773	0.0	0.12156862745098039	-0.12156862745098039	0.4392156862745098	0.022306993934121996	0.28715039026132727
IU_PDA_T2	KCNK15	38	4080	0.0	0.009774001036835595	-13.25488114010893	0.0	0.0014705882352941176	-0.0014705882352941176	0.49926470588235294	0.813820185820023	0.9785353139790642
IU_PDA_T3	KCNAB2	582	3772	0.5431404761924783	0.49760455150654687	0.1263254558345898	0.09450171821305842	0.14554612937433722	-0.05104441116127881	0.4777814371039273	0.004031816493879655	0.013189028058848109
IU_PDA_T3	KCNQ4	582	3772	0.05150785684922437	0.051374857895260174	0.0037299425611305873	0.013745704467353952	0.016967126193001062	-0.0032214217256471105	0.49842937470163584	0.5803101104200481	0.7208753683522577
IU_PDA_T3	KCNC4	582	3772	0.1293749597931286	0.1413977217240231	-0.128199512440607	0.024054982817869417	0.0440084835630965	-0.019953500745227084	0.4903049873730472	0.028808901234494644	0.06950885514951628
IU_PDA_T3	KCND3	582	3772	0.43380181320082295	0.1275429931175775	1.7660444543062142	0.08075601374570447	0.03048780487804878	0.05026820886765569	0.5255502199239832	1.3591363602445196e-09	1.9901004004791482e-08
IU_PDA_T3	KCNN3	582	3772	0.07112642741613424	0.0756913593111999	-0.08974169203059092	0.022336769759450172	0.0204135737009544	0.0019231960584957727	0.5009545375036897	0.7632912700931969	0.8865098465388531
IU_PDA_T3	KCNT2	582	3772	0.0031532630912447126	0.021382349542005675	-2.761112955381272	0.001718213058419244	0.0042417815482502655	-0.0025235684898310216	0.49873548264841683	0.36264950119015305	0.5274231914813792
IU_PDA_T3	KCNK1	582	3772	0.232475266604609	0.4025381806962023	-0.7920457734894628	0.04639175257731959	0.12725344644750794	-0.08086169387018835	0.46114068939882585	5.758510417575682e-08	6.395842762363853e-07
IU_PDA_T3	KCNS3	582	3772	0.09335120737741953	0.44579185312102726	-2.2556174462412186	0.020618556701030927	0.14501590668080594	-0.12439734997977502	0.43823315586360706	1.3955503570369676e-16	4.6241819515671225e-15
IU_PDA_T3	KCNK3	582	3772	1.758563300792271	0.6567923538697071	1.4208866535731874	0.24742268041237114	0.0957051961823966	0.15171748422997455	0.5773086552021952	2.9599601976093147e-27	2.118502712632939e-25
IU_PDA_T3	KCNE4	582	3772	0.26586891820531133	0.24345190771531497	0.12707782126080516	0.048109965635738834	0.07343584305408271	-0.025325877418343877	0.4882089223178202	0.038211355847048066	0.08789250419992685
IU_PDA_T3	KCNAB1	582	3772	0.034640928698119064	0.019092901463371496	0.8594073354804551	0.00859106529209622	0.0042417815482502655	0.004349283743845955	0.5021787415319245	0.15795800571299157	0.28069744723632517
IU_PDA_T3	KCNMB1	582	3772	0.3194377106564679	0.22225071402256624	0.5233446087019685	0.05670103092783505	0.06945917285259809	-0.012758141924763038	0.49467249182801104	0.34158209822694896	0.5007314831701456
IU_PDA_T3	KCNK17	582	3772	0.07561700823802395	0.0487900701479752	0.6321127229118549	0.012027491408934709	0.015906680805938492	-0.003879189397003784	0.4981073236326267	0.48997922584912046	0.635058621082804
IU_PDA_T3	KCND2	582	3772	0.0865165068862648	0.05934501581292952	0.5438409148035538	0.024054982817869417	0.019618239660657476	0.004436743157211941	0.5023017313319704	0.4627372194374796	0.6223509521493403
IU_PDA_T3	KCNMA1	582	3772	0.7166550373330344	0.6206039767150497	0.20760559022640565	0.13402061855670103	0.16171792152704137	-0.027697302970340343	0.489616700010568	0.20338973621599787	0.3433581045488112
IU_PDA_T3	KCNA5	582	3772	0.024633438693238828	0.012264023732668545	1.0061265740742653	0.005154639175257732	0.002651113467656416	0.002503525707601316	0.5012531294071345	0.3024709449491765	0.4631675325610282
IU_PDA_T3	KCNJ8	582	3772	0.44105709589685876	0.3520355697082792	0.3252433947683333	0.09106529209621993	0.10551431601272535	-0.014449023916505419	0.4945622565257477	0.42389219548809176	0.5892562344265747
IU_PDA_T3	KCNMB4	582	3772	0.42330346496242094	0.3388106644146192	0.3212121622963762	0.08762886597938144	0.10047720042417815	-0.012848334444796716	0.49553000404499786	0.501872528040985	0.6406053034839025
IU_PDA_T3	KCNJ16	582	3772	0.03291961567586791	0.0015756431124062918	4.384063282080021	0.005154639175257732	0.0005302226935312832	0.004624416481726449	0.5023131192764191	0.002165595285167022	0.007760664217403069
IU_PDA_T3	KCNK6	582	3772	0.3079851769523636	0.2637701127275147	0.22357902685817016	0.06357388316151202	0.08297985153764581	-0.019405968376133786	0.4912645355722943	0.14959097315727432	0.27031218770986765
IU_PDA_T3	KCNN4	582	3772	0.06647161285122986	0.24148285299405703	-1.8610947569559828	0.015463917525773196	0.0835100742311771	-0.0680461567054039	0.46632379843520533	8.6039811617934e-09	1.1028011097992071e-07
IU_PDA_T3	KCNB1	582	3772	0.04499073689963036	0.0013674346106182648	5.039061659414912	0.010309278350515464	0.0005302226935312832	0.00977905565698418	0.5048904388640479	2.9355043969655213e-07	2.8193762842138525e-06
IU_PDA_T3	KCNJ15	582	3772	0.09100240717244507	0.17014099786923886	-0.902746833946043	0.018900343642611683	0.056733828207847295	-0.03783348456523561	0.4813608958030414	0.000157475533085879	0.0007950648175805963
IU_PDA_T3	KCNK15	582	3772	0.0608214977676368	0.04125688918191408	0.5599350514541728	0.012027491408934709	0.013785790031813362	-0.0017582986228786533	0.49915865866413034	0.7439197716678024	0.8705661526783511
IU_PDA_T6	KCNAB2	6	3391	0.0	0.1653059536122057	-17.33478788709394	0.0	0.0861102919492775	-0.0861102919492775	0.4569448540253612	0.4530855158726337	1.0
IU_PDA_T6	KCNQ4	6	3391	0.0	0.07423358853050219	-16.179803925888343	0.0	0.038041875552934236	-0.038041875552934236	0.48097906222353287	0.6267741662262714	1.0
IU_PDA_T6	KCNC4	6	3391	0.3790032215273829	0.3909435151479279	-0.04474994947430916	0.16666666666666666	0.19197876732527278	-0.025312100658606118	0.49611717290867985	0.9620466429853678	1.0
IU_PDA_T6	KCND3	6	3391	0.0	0.0903002556507099	-16.462458428257328	0.0	0.04364494249483928	-0.04364494249483928	0.47817752875258035	0.6013789097296519	1.0
IU_PDA_T6	KCNN3	6	3391	0.18950161076369146	0.058019871008135944	1.7075738659182411	0.16666666666666666	0.033028605131229724	0.13363806153543695	0.5663766833775681	0.07022737103109858	0.7115392694560855
IU_PDA_T6	KCNT2	6	3391	0.0	0.024380303383064527	-14.573487631595418	0.0	0.006782659982306104	-0.006782659982306104	0.49660867000884695	0.8407604318303898	1.0
IU_PDA_T6	KCNK1	6	3391	1.1362166602309436	1.4675549410588742	-0.3691762657063285	0.6666666666666666	0.47685048658212914	0.1898161800845375	0.537329204757692	0.7326824769260308	1.0
IU_PDA_T6	KCNS3	6	3391	0.19758940920766646	0.29271821701372563	-0.5670045397691802	0.16666666666666666	0.15216750221173694	0.014499164454929714	0.5039074019463285	0.958001800358671	1.0
IU_PDA_T6	KCNK3	6	3391	0.0	0.03364230619787498	-15.038031868760221	0.0	0.021527572987319374	-0.021527572987319374	0.48923621350634033	0.7170459812846391	1.0
IU_PDA_T6	KCNE4	6	3391	0.385192590957629	0.22992573587834425	0.7444094667302349	0.3333333333333333	0.11412562665880271	0.2192077066745306	0.6039024869753269	0.11126075911882792	0.8788810088286572
IU_PDA_T6	KCNAB1	6	3391	0.0	0.03848435766616508	-15.232022034695861	0.0	0.008552049542907697	-0.008552049542907697	0.49572397522854617	0.8210833491483673	1.0
IU_PDA_T6	KCNMB1	6	3391	0.0	0.10989804674750886	-16.745819346996875	0.0	0.04895311117664406	-0.04895311117664406	0.475523444411678	0.579008061017572	1.0
IU_PDA_T6	KCNK17	6	3391	0.0	0.015624920475745069	-13.931653556631609	0.0	0.00707755824240637	-0.00707755824240637	0.4964612208787968	0.8373104183399922	1.0
IU_PDA_T6	KCND2	6	3391	0.3771047925136539	0.18941186155412584	0.9934350147599819	0.3333333333333333	0.08050722500737245	0.25282610832596086	0.6240538680821783	0.026236569025366932	0.42484247019990096
IU_PDA_T6	KCNMA1	6	3391	0.18950161076369146	0.20446341776564805	-0.10963207335227317	0.16666666666666666	0.10203479799469183	0.06463186867197483	0.5292195026049347	0.6377292985656249	1.0
IU_PDA_T6	KCNA5	6	3391	0.0	0.009457828233173102	-13.207445757138357	0.0	0.0026540843409023885	-0.0026540843409023885	0.4986729578295488	0.901314134215014	1.0
IU_PDA_T6	KCNJ8	6	3391	0.19758940920766646	0.353461265474399	-0.8390432836445829	0.16666666666666666	0.1524624004718372	0.014204266194829451	0.5030472820210361	0.9673257607037998	1.0
IU_PDA_T6	KCNMB4	6	3391	0.0	0.10621905243433284	-16.696696621150526	0.0	0.04364494249483928	-0.04364494249483928	0.47817752875258035	0.6013789097296519	1.0
IU_PDA_T6	KCNJ16	6	3391	0.0	0.07009241106204561	-16.096991213587316	0.0	0.042465349454438216	-0.042465349454438216	0.4787673252727809	0.6065622722938131	1.0
IU_PDA_T6	KCNK6	6	3391	0.5756395562908069	0.27628873082655386	1.0589862987079142	0.3333333333333333	0.1380123857269242	0.1953209476064091	0.6031160916150595	0.14543667890887527	0.9789579292508322
IU_PDA_T6	KCNN4	6	3391	0.0	0.2785118864160679	-18.087384555102496	0.0	0.1492185196107343	-0.1492185196107343	0.42539074019463285	0.3073668802796232	1.0
IU_PDA_T6	KCNB1	6	3391	0.0	0.0	0.0	0.0	0.0	0.0	0.5	1.0	1.0
IU_PDA_T6	KCNJ15	6	3391	0.19758940920766646	0.24392619453237072	-0.3039376857833946	0.16666666666666666	0.12267767620171041	0.043988990464956246	0.5201759559618598	0.7644294369285567	1.0
IU_PDA_T6	KCNK15	6	3391	0.0	0.023937162543199875	-14.547024797012572	0.0	0.015334709525213801	-0.015334709525213801	0.4923326452373931	0.760639906684627	1.0
IU_PDA_T8	KCNAB2	10	3769	0.7993605115907274	0.40521519154831587	0.980156287980521	0.1	0.08198461130273282	0.01801538869726718	0.5117139824887238	0.787967210510467	1.0
IU_PDA_T8	KCNQ4	10	3769	0.0	0.0764773144444139	-16.22276310671902	0.0	0.020695144600689837	-0.020695144600689837	0.48965242769965506	0.6462308588697278	1.0
IU_PDA_T8	KCNC4	10	3769	0.11346873936230568	0.2212566829043183	-0.963419947710337	0.1	0.05226850623507562	0.04773149376492439	0.5216503051207216	0.5399070879886909	1.0
IU_PDA_T8	KCND3	10	3769	0.0	0.09234385724006673	-16.49474399813837	0.0	0.02122578933404086	-0.02122578933404086	0.4893871053329796	0.6419380175828857	1.0
IU_PDA_T8	KCNN3	10	3769	0.0	0.06418201356893301	-15.969903909257766	0.0	0.014858052533828601	-0.014858052533828601	0.4925709737330857	0.6983191449616821	1.0
IU_PDA_T8	KCNT2	10	3769	0.0	0.016791802471231018	-14.035555394455757	0.0	0.004775802600159193	-0.004775802600159193	0.4976120986999204	0.8275757616390704	1.0
IU_PDA_T8	KCNK1	10	3769	0.14736221632773355	1.0378185905830448	-2.8161073144852056	0.1	0.22658530114088618	-0.12658530114088618	0.42768638896258954	0.2803832344876097	1.0
IU_PDA_T8	KCNS3	10	3769	0.11346873936230568	0.21419259098108484	-0.9166077087751526	0.1	0.0469620589015654	0.053037941098434606	0.5244361899708145	0.4667671875479562	1.0
IU_PDA_T8	KCNK3	10	3769	0.0	0.021713974901994625	-14.406402664886095	0.0	0.0037145131334571503	-0.0037145131334571503	0.4981427434332714	0.8479899663133776	1.0
IU_PDA_T8	KCNE4	10	3769	0.14736221632773355	0.19128558058636394	-0.3763592122652351	0.1	0.03475723003449191	0.0652427699655081	0.5315202971610506	0.27857960701931295	1.0
IU_PDA_T8	KCNAB1	10	3769	0.0	0.004703872613635258	-12.199939946581972	0.0	0.0021225789334040858	-0.0021225789334040858	0.49893871053329797	0.8854981321279096	1.0
IU_PDA_T8	KCNMB1	10	3769	0.0	0.16565989836552997	-17.33787359183525	0.0	0.02865481560095516	-0.02865481560095516	0.4856725921995224	0.5874958758930671	1.0
IU_PDA_T8	KCNK17	10	3769	0.0	0.02489928953565594	-14.603874897313748	0.0	0.008224993366940834	-0.008224993366940834	0.4958875033165296	0.7741077931076543	1.0
IU_PDA_T8	KCND2	10	3769	0.0	0.08856040327203	-16.434390461623288	0.0	0.015919342000530644	-0.015919342000530644	0.49204032899973466	0.6880847479290717	1.0
IU_PDA_T8	KCNMA1	10	3769	1.9110306466628306	0.3061392439741065	2.642087056153384	0.2	0.06633059166887768	0.13366940833112234	0.5676572035022552	0.08707724199300267	1.0
IU_PDA_T8	KCNA5	10	3769	0.0	0.0	0.0	0.0	0.0	0.0	0.5	1.0	1.0
IU_PDA_T8	KCNJ8	10	3769	0.0	0.24242705385502578	-17.887197132058112	0.0	0.05386044043512868	-0.05386044043512868	0.47306977978243564	0.4510981102538587	1.0
IU_PDA_T8	KCNMB4	10	3769	0.0	0.07650577177297474	-16.22329982893529	0.0	0.017245953833908197	-0.017245953833908197	0.4913770230830459	0.6758155626914826	1.0
IU_PDA_T8	KCNJ16	10	3769	0.0	0.13148527364130952	-17.004552673321466	0.0	0.03900238790130008	-0.03900238790130008	0.48049880604934997	0.5245500929582161	1.0
IU_PDA_T8	KCNK6	10	3769	0.0	0.28109568836494037	-18.10070693168541	0.0	0.07402494030246749	-0.07402494030246749	0.46298752984876623	0.3720187313307175	1.0
IU_PDA_T8	KCNN4	10	3769	0.0	0.8760979564848442	-19.74073430769586	0.0	0.2048288670734943	-0.2048288670734943	0.3975855664632528	0.11179932348904764	1.0
IU_PDA_T8	KCNB1	10	3769	0.0	0.0	0.0	0.0	0.0	0.0	0.5	1.0	1.0
IU_PDA_T8	KCNJ15	10	3769	0.0	0.1685708158633678	-17.363003821433878	0.0	0.044043512868134786	-0.044043512868134786	0.4779782435659326	0.49777115331099453	1.0
IU_PDA_T8	KCNK15	10	3769	0.0	0.005670755369975261	-12.46957959330889	0.0	0.0029185460334306182	-0.0029185460334306182	0.49854072698328467	0.8653965257259342	1.0
IU_PDA_T9	KCNAB2	195	3331	0.25475909578062267	0.41197502831835203	-0.6934210741620034	0.08205128205128205	0.0978685079555689	-0.015817225904286844	0.4911615053614453	0.4184575382712654	0.9345070874462856
IU_PDA_T9	KCNQ4	195	3331	0.02545864458448735	0.040924826153577565	-0.6847992606906376	0.010256410256410256	0.008405884118883218	0.0018505261375270383	0.5008898536667975	0.7927607258113458	1.0
IU_PDA_T9	KCNC4	195	3331	0.04713003460497159	0.1017704824711789	-1.1105841020751408	0.010256410256410256	0.02882017412188532	-0.018563763865475064	0.49075198793001257	0.12685157356696472	0.593097452922634
IU_PDA_T9	KCND3	195	3331	0.9411829665816853	0.3907378642692127	1.268271985716953	0.2153846153846154	0.09546682677874511	0.11991778860587028	0.5614568659600182	3.833237416423645e-08	3.175375791299457e-06
IU_PDA_T9	KCNN3	195	3331	0.12443463221723358	0.1296473822843422	-0.0592045435547181	0.035897435897435895	0.03242269588712098	0.0034747400103149126	0.501620365024748	0.804575913910266	1.0
IU_PDA_T9	KCNT2	195	3331	0.059632733562551866	0.07688315148596753	-0.36655757472812805	0.015384615384615385	0.018012608826178327	-0.002627993441562941	0.49868908235765036	0.78837624555868	1.0
IU_PDA_T9	KCNK1	195	3331	0.2757394353249559	0.33214431200430816	-0.26850370836882903	0.08205128205128205	0.08435905133593516	-0.002307769284653108	0.4986636799605878	0.8962916410019894	1.0
IU_PDA_T9	KCNS3	195	3331	0.1692574689365479	0.41276527851822153	-1.2860970911026264	0.06153846153846154	0.10237166016211348	-0.04083319862365194	0.47845645798212594	0.051845565889307416	0.3859243345600236
IU_PDA_T9	KCNK3	195	3331	0.02180359323216466	0.021116243094908393	0.04621057718193102	0.005128205128205128	0.004803362353647553	0.00032484277455757486	0.5001624213872787	0.9494959565373429	1.0
IU_PDA_T9	KCNE4	195	3331	0.647121064307306	0.44046793069524093	0.5549976087372752	0.1641025641025641	0.1053737616331432	0.0587288024694209	0.5296099577396485	0.009966415769436734	0.14764109179379947
IU_PDA_T9	KCNAB1	195	3331	0.03343981538707705	0.03469336919650524	-0.05309151118175432	0.010256410256410256	0.01020714500150105	4.9265254909206316e-05	0.5000292512451023	0.9938646285188529	1.0
IU_PDA_T9	KCNMB1	195	3331	0.32513627640200815	0.388347743963329	-0.2563038319633984	0.08205128205128205	0.09216451516061243	-0.010113233109330377	0.49463239652372043	0.6141354174925542	1.0
IU_PDA_T9	KCNK17	195	3331	0.007648329795980803	0.03552838894904981	-2.2156076215201272	0.005128205128205128	0.008105673971780246	-0.0029774688435751174	0.49849356087722946	0.6452177525137273	1.0
IU_PDA_T9	KCND2	195	3331	0.0	0.08660982764482623	-16.40225977416688	0.0	0.02011407985589913	-0.02011407985589913	0.48994296007205046	0.045608851638165145	0.358688026423729
IU_PDA_T9	KCNMA1	195	3331	1.1480392090414728	1.3652797897372049	-0.25002452080655746	0.27692307692307694	0.2743920744521165	0.0025310024709604417	0.4951943283375286	0.7738913818924906	1.0
IU_PDA_T9	KCNA5	195	3331	0.029245157787057708	0.013248936683937293	1.1422616374961088	0.010256410256410256	0.002701891323926749	0.007554518932483508	0.5037695617701622	0.06661807562888934	0.44510725437928195
IU_PDA_T9	KCNJ8	195	3331	0.5166688813169179	0.3805023555944418	0.44133360928006554	0.14358974358974358	0.09576703692584809	0.04782270666389549	0.5232108629887074	0.03476533878119694	0.31104348258131254
IU_PDA_T9	KCNMB4	195	3331	0.20958995766411473	0.17598321026480068	0.25213048381816444	0.06153846153846154	0.047132993095166616	0.014405468443294926	0.5070195290549538	0.3727054823516692	0.9038693719153386
IU_PDA_T9	KCNJ16	195	3331	0.0	0.006047179817057325	-12.562285317296542	0.0	0.0021014710297208045	-0.0021014710297208045	0.4989492644851396	0.5220284911212507	0.9854424175599339
IU_PDA_T9	KCNK6	195	3331	0.4459004909683036	0.37986207154043106	0.23124555667203503	0.11282051282051282	0.09576703692584809	0.01705347589466473	0.508657598780685	0.427437604508743	0.9404312775309777
IU_PDA_T9	KCNN4	195	3331	0.0898420122449348	0.29120987673084364	-1.6965860370700525	0.03076923076923077	0.07895526868808166	-0.048186037918850885	0.47571838748662526	0.013141259350460031	0.17934170523836965
IU_PDA_T9	KCNB1	195	3331	0.032322275233430696	0.01781999553376207	0.8589954576909041	0.010256410256410256	0.003002101471029721	0.007254308785380536	0.503614838078963	0.09212464212065251	0.5168098252403935
IU_PDA_T9	KCNJ15	195	3331	0.1617315435396776	0.34224712874044333	-1.0814326488980424	0.05641025641025641	0.0891624136895827	-0.032752157279326295	0.48300502659553995	0.10282031757879316	0.541584910932395
IU_PDA_T9	KCNK15	195	3331	0.0	0.014022810185347255	-13.775590753769274	0.0	0.003602521765235665	-0.003602521765235665	0.49819873911738216	0.4014141692459904	0.9195683478375258
