gene	Origin	cc_ischia_10	n_positive	n_spots	pct_detected
KCNA5	Normal Pancreas	CC1	0	0	0
KCNA5	Normal Pancreas	CC2	0	53	0
KCNA5	Normal Pancreas	CC3	0	36	0
KCNA5	Normal Pancreas	CC4	0	3	0
KCNA5	Normal Pancreas	CC5	0	0	0
KCNA5	Normal Pancreas	CC6	0	0	0
KCNA5	Normal Pancreas	CC7	0	21	0
KCNA5	Normal Pancreas	CC8	0	0	0
KCNA5	Normal Pancreas	CC9	0	0	0
KCNA5	Normal Pancreas	CC10	59	9707	0.607808797774802
KCNA5	Pancreas	CC1	55	8639	0.636647760157426
KCNA5	Pancreas	CC2	12	5063	0.237013628283626
KCNA5	Pancreas	CC3	6	3317	0.180886343081097
KCNA5	Pancreas	CC4	24	7976	0.300902708124373
KCNA5	Pancreas	CC5	39	7164	0.544388609715243
KCNA5	Pancreas	CC6	0	0	0
KCNA5	Pancreas	CC7	40	2572	1.5552099533437
KCNA5	Pancreas	CC8	0	0	0
KCNA5	Pancreas	CC9	4	726	0.550964187327824
KCNA5	Pancreas	CC10	0	1	0
KCNAB1	Normal Pancreas	CC1	0	0	0
KCNAB1	Normal Pancreas	CC2	0	53	0
KCNAB1	Normal Pancreas	CC3	0	36	0
KCNAB1	Normal Pancreas	CC4	0	3	0
KCNAB1	Normal Pancreas	CC5	0	0	0
KCNAB1	Normal Pancreas	CC6	0	0	0
KCNAB1	Normal Pancreas	CC7	0	21	0
KCNAB1	Normal Pancreas	CC8	0	0	0
KCNAB1	Normal Pancreas	CC9	0	0	0
KCNAB1	Normal Pancreas	CC10	218	9707	2.24580199855774
KCNAB1	Pancreas	CC1	131	8639	1.51637921055678
KCNAB1	Pancreas	CC2	25	5063	0.493778392257555
KCNAB1	Pancreas	CC3	19	3317	0.572806753090142
KCNAB1	Pancreas	CC4	44	7976	0.551654964894684
KCNAB1	Pancreas	CC5	103	7164	1.43774427694026
KCNAB1	Pancreas	CC6	0	0	0
KCNAB1	Pancreas	CC7	45	2572	1.74961119751166
KCNAB1	Pancreas	CC8	0	0	0
KCNAB1	Pancreas	CC9	7	726	0.964187327823691
KCNAB1	Pancreas	CC10	0	1	0
KCNAB2	Normal Pancreas	CC1	0	0	0
KCNAB2	Normal Pancreas	CC2	2	53	3.77358490566038
KCNAB2	Normal Pancreas	CC3	1	36	2.77777777777778
KCNAB2	Normal Pancreas	CC4	0	3	0
KCNAB2	Normal Pancreas	CC5	0	0	0
KCNAB2	Normal Pancreas	CC6	0	0	0
KCNAB2	Normal Pancreas	CC7	1	21	4.76190476190476
KCNAB2	Normal Pancreas	CC8	0	0	0
KCNAB2	Normal Pancreas	CC9	0	0	0
KCNAB2	Normal Pancreas	CC10	263	9707	2.7093849799114
KCNAB2	Pancreas	CC1	1135	8639	13.1380946868851
KCNAB2	Pancreas	CC2	499	5063	9.85581670946079
KCNAB2	Pancreas	CC3	331	3317	9.9788965933072
KCNAB2	Pancreas	CC4	674	7976	8.45035105315948
KCNAB2	Pancreas	CC5	881	7164	12.2975991066443
KCNAB2	Pancreas	CC6	0	0	0
KCNAB2	Pancreas	CC7	326	2572	12.6749611197512
KCNAB2	Pancreas	CC8	0	0	0
KCNAB2	Pancreas	CC9	111	726	15.2892561983471
KCNAB2	Pancreas	CC10	0	1	0
KCNB1	Normal Pancreas	CC1	0	0	0
KCNB1	Normal Pancreas	CC2	1	53	1.88679245283019
KCNB1	Normal Pancreas	CC3	1	36	2.77777777777778
KCNB1	Normal Pancreas	CC4	0	3	0
KCNB1	Normal Pancreas	CC5	0	0	0
KCNB1	Normal Pancreas	CC6	0	0	0
KCNB1	Normal Pancreas	CC7	0	21	0
KCNB1	Normal Pancreas	CC8	0	0	0
KCNB1	Normal Pancreas	CC9	0	0	0
KCNB1	Normal Pancreas	CC10	44	9707	0.453281137323581
KCNB1	Pancreas	CC1	27	8639	0.312536173168191
KCNB1	Pancreas	CC2	12	5063	0.237013628283626
KCNB1	Pancreas	CC3	6	3317	0.180886343081097
KCNB1	Pancreas	CC4	27	7976	0.33851554663992
KCNB1	Pancreas	CC5	41	7164	0.572305974316025
KCNB1	Pancreas	CC6	0	0	0
KCNB1	Pancreas	CC7	24	2572	0.933125972006221
KCNB1	Pancreas	CC8	0	0	0
KCNB1	Pancreas	CC9	2	726	0.275482093663912
KCNB1	Pancreas	CC10	0	1	0
KCNC4	Normal Pancreas	CC1	0	0	0
KCNC4	Normal Pancreas	CC2	2	53	3.77358490566038
KCNC4	Normal Pancreas	CC3	7	36	19.4444444444444
KCNC4	Normal Pancreas	CC4	0	3	0
KCNC4	Normal Pancreas	CC5	0	0	0
KCNC4	Normal Pancreas	CC6	0	0	0
KCNC4	Normal Pancreas	CC7	1	21	4.76190476190476
KCNC4	Normal Pancreas	CC8	0	0	0
KCNC4	Normal Pancreas	CC9	0	0	0
KCNC4	Normal Pancreas	CC10	1297	9707	13.3614917070156
KCNC4	Pancreas	CC1	395	8639	4.57228845931242
KCNC4	Pancreas	CC2	506	5063	9.99407465929291
KCNC4	Pancreas	CC3	434	3317	13.0841121495327
KCNC4	Pancreas	CC4	546	7976	6.84553660982949
KCNC4	Pancreas	CC5	483	7164	6.74204355108878
KCNC4	Pancreas	CC6	0	0	0
KCNC4	Pancreas	CC7	112	2572	4.35458786936236
KCNC4	Pancreas	CC8	0	0	0
KCNC4	Pancreas	CC9	28	726	3.85674931129477
KCNC4	Pancreas	CC10	0	1	0
KCND2	Normal Pancreas	CC1	0	0	0
KCND2	Normal Pancreas	CC2	0	53	0
KCND2	Normal Pancreas	CC3	1	36	2.77777777777778
KCND2	Normal Pancreas	CC4	0	3	0
KCND2	Normal Pancreas	CC5	0	0	0
KCND2	Normal Pancreas	CC6	0	0	0
KCND2	Normal Pancreas	CC7	0	21	0
KCND2	Normal Pancreas	CC8	0	0	0
KCND2	Normal Pancreas	CC9	0	0	0
KCND2	Normal Pancreas	CC10	70	9707	0.721129082105697
KCND2	Pancreas	CC1	493	8639	5.70667901377474
KCND2	Pancreas	CC2	159	5063	3.14043057475805
KCND2	Pancreas	CC3	104	3317	3.13536328007235
KCND2	Pancreas	CC4	211	7976	2.64543630892678
KCND2	Pancreas	CC5	328	7164	4.5784477945282
KCND2	Pancreas	CC6	0	0	0
KCND2	Pancreas	CC7	92	2572	3.57698289269051
KCND2	Pancreas	CC8	0	0	0
KCND2	Pancreas	CC9	6	726	0.826446280991736
KCND2	Pancreas	CC10	0	1	0
KCND3	Normal Pancreas	CC1	0	0	0
KCND3	Normal Pancreas	CC2	0	53	0
KCND3	Normal Pancreas	CC3	3	36	8.33333333333333
KCND3	Normal Pancreas	CC4	0	3	0
KCND3	Normal Pancreas	CC5	0	0	0
KCND3	Normal Pancreas	CC6	0	0	0
KCND3	Normal Pancreas	CC7	0	21	0
KCND3	Normal Pancreas	CC8	0	0	0
KCND3	Normal Pancreas	CC9	0	0	0
KCND3	Normal Pancreas	CC10	407	9707	4.19285052024312
KCND3	Pancreas	CC1	558	8639	6.45908091214261
KCND3	Pancreas	CC2	185	5063	3.65396010270591
KCND3	Pancreas	CC3	116	3317	3.49713596623455
KCND3	Pancreas	CC4	182	7976	2.28184553660983
KCND3	Pancreas	CC5	317	7164	4.4249022892239
KCND3	Pancreas	CC6	0	0	0
KCND3	Pancreas	CC7	219	2572	8.51477449455676
KCND3	Pancreas	CC8	0	0	0
KCND3	Pancreas	CC9	45	726	6.19834710743802
KCND3	Pancreas	CC10	0	1	0
KCNE4	Normal Pancreas	CC1	0	0	0
KCNE4	Normal Pancreas	CC2	0	53	0
KCNE4	Normal Pancreas	CC3	1	36	2.77777777777778
KCNE4	Normal Pancreas	CC4	0	3	0
KCNE4	Normal Pancreas	CC5	0	0	0
KCNE4	Normal Pancreas	CC6	0	0	0
KCNE4	Normal Pancreas	CC7	1	21	4.76190476190476
KCNE4	Normal Pancreas	CC8	0	0	0
KCNE4	Normal Pancreas	CC9	0	0	0
KCNE4	Normal Pancreas	CC10	1289	9707	13.2790769547749
KCNE4	Pancreas	CC1	1322	8639	15.3026970714203
KCNE4	Pancreas	CC2	280	5063	5.53031799328461
KCNE4	Pancreas	CC3	189	3317	5.69791980705457
KCNE4	Pancreas	CC4	474	7976	5.94282848545637
KCNE4	Pancreas	CC5	765	7164	10.678391959799
KCNE4	Pancreas	CC6	0	0	0
KCNE4	Pancreas	CC7	236	2572	9.17573872472784
KCNE4	Pancreas	CC8	0	0	0
KCNE4	Pancreas	CC9	31	726	4.26997245179063
KCNE4	Pancreas	CC10	0	1	0
KCNJ15	Normal Pancreas	CC1	0	0	0
KCNJ15	Normal Pancreas	CC2	14	53	26.4150943396226
KCNJ15	Normal Pancreas	CC3	9	36	25
KCNJ15	Normal Pancreas	CC4	1	3	33.3333333333333
KCNJ15	Normal Pancreas	CC5	0	0	0
KCNJ15	Normal Pancreas	CC6	0	0	0
KCNJ15	Normal Pancreas	CC7	1	21	4.76190476190476
KCNJ15	Normal Pancreas	CC8	0	0	0
KCNJ15	Normal Pancreas	CC9	0	0	0
KCNJ15	Normal Pancreas	CC10	3574	9707	36.8187905635109
KCNJ15	Pancreas	CC1	581	8639	6.72531543002662
KCNJ15	Pancreas	CC2	436	5063	8.61149516097176
KCNJ15	Pancreas	CC3	318	3317	9.58697618329816
KCNJ15	Pancreas	CC4	644	7976	8.07422266800401
KCNJ15	Pancreas	CC5	626	7164	8.73813512004467
KCNJ15	Pancreas	CC6	0	0	0
KCNJ15	Pancreas	CC7	73	2572	2.83825816485226
KCNJ15	Pancreas	CC8	0	0	0
KCNJ15	Pancreas	CC9	13	726	1.79063360881543
KCNJ15	Pancreas	CC10	0	1	0
KCNJ16	Normal Pancreas	CC1	0	0	0
KCNJ16	Normal Pancreas	CC2	22	53	41.5094339622642
KCNJ16	Normal Pancreas	CC3	12	36	33.3333333333333
KCNJ16	Normal Pancreas	CC4	1	3	33.3333333333333
KCNJ16	Normal Pancreas	CC5	0	0	0
KCNJ16	Normal Pancreas	CC6	0	0	0
KCNJ16	Normal Pancreas	CC7	2	21	9.52380952380952
KCNJ16	Normal Pancreas	CC8	0	0	0
KCNJ16	Normal Pancreas	CC9	0	0	0
KCNJ16	Normal Pancreas	CC10	5223	9707	53.8065313691151
KCNJ16	Pancreas	CC1	19	8639	0.219932862599838
KCNJ16	Pancreas	CC2	142	5063	2.80466126802291
KCNJ16	Pancreas	CC3	137	3317	4.13023816701839
KCNJ16	Pancreas	CC4	82	7976	1.02808425275827
KCNJ16	Pancreas	CC5	39	7164	0.544388609715243
KCNJ16	Pancreas	CC6	0	0	0
KCNJ16	Pancreas	CC7	13	2572	0.505443234836703
KCNJ16	Pancreas	CC8	0	0	0
KCNJ16	Pancreas	CC9	1	726	0.137741046831956
KCNJ16	Pancreas	CC10	0	1	0
KCNJ8	Normal Pancreas	CC1	0	0	0
KCNJ8	Normal Pancreas	CC2	3	53	5.66037735849057
KCNJ8	Normal Pancreas	CC3	2	36	5.55555555555556
KCNJ8	Normal Pancreas	CC4	1	3	33.3333333333333
KCNJ8	Normal Pancreas	CC5	0	0	0
KCNJ8	Normal Pancreas	CC6	0	0	0
KCNJ8	Normal Pancreas	CC7	1	21	4.76190476190476
KCNJ8	Normal Pancreas	CC8	0	0	0
KCNJ8	Normal Pancreas	CC9	0	0	0
KCNJ8	Normal Pancreas	CC10	5406	9707	55.69176882662
KCNJ8	Pancreas	CC1	924	8639	10.6956823706448
KCNJ8	Pancreas	CC2	353	5063	6.97215089867667
KCNJ8	Pancreas	CC3	215	3317	6.48176062707266
KCNJ8	Pancreas	CC4	568	7976	7.12136409227683
KCNJ8	Pancreas	CC5	753	7164	10.5108877721943
KCNJ8	Pancreas	CC6	0	0	0
KCNJ8	Pancreas	CC7	352	2572	13.6858475894246
KCNJ8	Pancreas	CC8	0	0	0
KCNJ8	Pancreas	CC9	56	726	7.71349862258953
KCNJ8	Pancreas	CC10	0	1	0
KCNK1	Normal Pancreas	CC1	0	0	0
KCNK1	Normal Pancreas	CC2	11	53	20.7547169811321
KCNK1	Normal Pancreas	CC3	12	36	33.3333333333333
KCNK1	Normal Pancreas	CC4	0	3	0
KCNK1	Normal Pancreas	CC5	0	0	0
KCNK1	Normal Pancreas	CC6	0	0	0
KCNK1	Normal Pancreas	CC7	0	21	0
KCNK1	Normal Pancreas	CC8	0	0	0
KCNK1	Normal Pancreas	CC9	0	0	0
KCNK1	Normal Pancreas	CC10	543	9707	5.59390130833419
KCNK1	Pancreas	CC1	656	8639	7.59347146660493
KCNK1	Pancreas	CC2	1670	5063	32.9843966028047
KCNK1	Pancreas	CC3	1550	3317	46.7289719626168
KCNK1	Pancreas	CC4	1490	7976	18.6810431293882
KCNK1	Pancreas	CC5	1085	7164	15.1451702959241
KCNK1	Pancreas	CC6	0	0	0
KCNK1	Pancreas	CC7	184	2572	7.15396578538103
KCNK1	Pancreas	CC8	0	0	0
KCNK1	Pancreas	CC9	22	726	3.03030303030303
KCNK1	Pancreas	CC10	0	1	0
KCNK15	Normal Pancreas	CC1	0	0	0
KCNK15	Normal Pancreas	CC2	3	53	5.66037735849057
KCNK15	Normal Pancreas	CC3	2	36	5.55555555555556
KCNK15	Normal Pancreas	CC4	0	3	0
KCNK15	Normal Pancreas	CC5	0	0	0
KCNK15	Normal Pancreas	CC6	0	0	0
KCNK15	Normal Pancreas	CC7	0	21	0
KCNK15	Normal Pancreas	CC8	0	0	0
KCNK15	Normal Pancreas	CC9	0	0	0
KCNK15	Normal Pancreas	CC10	81	9707	0.834449366436592
KCNK15	Pancreas	CC1	43	8639	0.497742794304896
KCNK15	Pancreas	CC2	40	5063	0.790045427612088
KCNK15	Pancreas	CC3	50	3317	1.50738619234248
KCNK15	Pancreas	CC4	42	7976	0.526579739217653
KCNK15	Pancreas	CC5	38	7164	0.530429927414852
KCNK15	Pancreas	CC6	0	0	0
KCNK15	Pancreas	CC7	23	2572	0.894245723172628
KCNK15	Pancreas	CC8	0	0	0
KCNK15	Pancreas	CC9	8	726	1.10192837465565
KCNK15	Pancreas	CC10	0	1	0
KCNK17	Normal Pancreas	CC1	0	0	0
KCNK17	Normal Pancreas	CC2	2	53	3.77358490566038
KCNK17	Normal Pancreas	CC3	2	36	5.55555555555556
KCNK17	Normal Pancreas	CC4	0	3	0
KCNK17	Normal Pancreas	CC5	0	0	0
KCNK17	Normal Pancreas	CC6	0	0	0
KCNK17	Normal Pancreas	CC7	2	21	9.52380952380952
KCNK17	Normal Pancreas	CC8	0	0	0
KCNK17	Normal Pancreas	CC9	0	0	0
KCNK17	Normal Pancreas	CC10	248	9707	2.55485731946018
KCNK17	Pancreas	CC1	224	8639	2.59289269591388
KCNK17	Pancreas	CC2	64	5063	1.26407268417934
KCNK17	Pancreas	CC3	40	3317	1.20590895387398
KCNK17	Pancreas	CC4	155	7976	1.94332998996991
KCNK17	Pancreas	CC5	168	7164	2.34505862646566
KCNK17	Pancreas	CC6	0	0	0
KCNK17	Pancreas	CC7	95	2572	3.69362363919129
KCNK17	Pancreas	CC8	0	0	0
KCNK17	Pancreas	CC9	11	726	1.51515151515152
KCNK17	Pancreas	CC10	0	1	0
KCNK3	Normal Pancreas	CC1	0	0	0
KCNK3	Normal Pancreas	CC2	4	53	7.54716981132075
KCNK3	Normal Pancreas	CC3	0	36	0
KCNK3	Normal Pancreas	CC4	0	3	0
KCNK3	Normal Pancreas	CC5	0	0	0
KCNK3	Normal Pancreas	CC6	0	0	0
KCNK3	Normal Pancreas	CC7	0	21	0
KCNK3	Normal Pancreas	CC8	0	0	0
KCNK3	Normal Pancreas	CC9	0	0	0
KCNK3	Normal Pancreas	CC10	4741	9707	48.8410425466158
KCNK3	Pancreas	CC1	159	8639	1.84049079754601
KCNK3	Pancreas	CC2	109	5063	2.15287379024294
KCNK3	Pancreas	CC3	51	3317	1.53753391618933
KCNK3	Pancreas	CC4	165	7976	2.06870611835507
KCNK3	Pancreas	CC5	177	7164	2.47068676716918
KCNK3	Pancreas	CC6	0	0	0
KCNK3	Pancreas	CC7	408	2572	15.8631415241058
KCNK3	Pancreas	CC8	0	0	0
KCNK3	Pancreas	CC9	25	726	3.4435261707989
KCNK3	Pancreas	CC10	1	1	100
KCNK6	Normal Pancreas	CC1	0	0	0
KCNK6	Normal Pancreas	CC2	2	53	3.77358490566038
KCNK6	Normal Pancreas	CC3	2	36	5.55555555555556
KCNK6	Normal Pancreas	CC4	0	3	0
KCNK6	Normal Pancreas	CC5	0	0	0
KCNK6	Normal Pancreas	CC6	0	0	0
KCNK6	Normal Pancreas	CC7	0	21	0
KCNK6	Normal Pancreas	CC8	0	0	0
KCNK6	Normal Pancreas	CC9	0	0	0
KCNK6	Normal Pancreas	CC10	943	9707	9.71463892036675
KCNK6	Pancreas	CC1	923	8639	10.6841069568237
KCNK6	Pancreas	CC2	672	5063	13.2727631838831
KCNK6	Pancreas	CC3	608	3317	18.3298160988845
KCNK6	Pancreas	CC4	847	7976	10.6193580742227
KCNK6	Pancreas	CC5	849	7164	11.8509212730318
KCNK6	Pancreas	CC6	0	0	0
KCNK6	Pancreas	CC7	211	2572	8.20373250388803
KCNK6	Pancreas	CC8	0	0	0
KCNK6	Pancreas	CC9	43	726	5.9228650137741
KCNK6	Pancreas	CC10	0	1	0
KCNMA1	Normal Pancreas	CC1	0	0	0
KCNMA1	Normal Pancreas	CC2	14	53	26.4150943396226
KCNMA1	Normal Pancreas	CC3	10	36	27.7777777777778
KCNMA1	Normal Pancreas	CC4	1	3	33.3333333333333
KCNMA1	Normal Pancreas	CC5	0	0	0
KCNMA1	Normal Pancreas	CC6	0	0	0
KCNMA1	Normal Pancreas	CC7	2	21	9.52380952380952
KCNMA1	Normal Pancreas	CC8	0	0	0
KCNMA1	Normal Pancreas	CC9	0	0	0
KCNMA1	Normal Pancreas	CC10	1340	9707	13.8044710003091
KCNMA1	Pancreas	CC1	2122	8639	24.5630281282556
KCNMA1	Pancreas	CC2	473	5063	9.34228718151294
KCNMA1	Pancreas	CC3	278	3317	8.38106722942418
KCNMA1	Pancreas	CC4	981	7976	12.2993981945838
KCNMA1	Pancreas	CC5	1721	7164	24.0228922389726
KCNMA1	Pancreas	CC6	0	0	0
KCNMA1	Pancreas	CC7	524	2572	20.3732503888025
KCNMA1	Pancreas	CC8	0	0	0
KCNMA1	Pancreas	CC9	75	726	10.3305785123967
KCNMA1	Pancreas	CC10	0	1	0
KCNMB1	Normal Pancreas	CC1	0	0	0
KCNMB1	Normal Pancreas	CC2	1	53	1.88679245283019
KCNMB1	Normal Pancreas	CC3	0	36	0
KCNMB1	Normal Pancreas	CC4	0	3	0
KCNMB1	Normal Pancreas	CC5	0	0	0
KCNMB1	Normal Pancreas	CC6	0	0	0
KCNMB1	Normal Pancreas	CC7	0	21	0
KCNMB1	Normal Pancreas	CC8	0	0	0
KCNMB1	Normal Pancreas	CC9	0	0	0
KCNMB1	Normal Pancreas	CC10	91	9707	0.937467806737406
KCNMB1	Pancreas	CC1	807	8639	9.34135895358259
KCNMB1	Pancreas	CC2	234	5063	4.62176575153071
KCNMB1	Pancreas	CC3	107	3317	3.2258064516129
KCNMB1	Pancreas	CC4	413	7976	5.17803410230692
KCNMB1	Pancreas	CC5	759	7164	10.5946398659966
KCNMB1	Pancreas	CC6	0	0	0
KCNMB1	Pancreas	CC7	225	2572	8.74805598755832
KCNMB1	Pancreas	CC8	0	0	0
KCNMB1	Pancreas	CC9	44	726	6.06060606060606
KCNMB1	Pancreas	CC10	0	1	0
KCNMB4	Normal Pancreas	CC1	0	0	0
KCNMB4	Normal Pancreas	CC2	1	53	1.88679245283019
KCNMB4	Normal Pancreas	CC3	0	36	0
KCNMB4	Normal Pancreas	CC4	0	3	0
KCNMB4	Normal Pancreas	CC5	0	0	0
KCNMB4	Normal Pancreas	CC6	0	0	0
KCNMB4	Normal Pancreas	CC7	1	21	4.76190476190476
KCNMB4	Normal Pancreas	CC8	0	0	0
KCNMB4	Normal Pancreas	CC9	0	0	0
KCNMB4	Normal Pancreas	CC10	175	9707	1.80282270526424
KCNMB4	Pancreas	CC1	601	8639	6.95682370644751
KCNMB4	Pancreas	CC2	238	5063	4.70077029429192
KCNMB4	Pancreas	CC3	154	3317	4.64274947241483
KCNMB4	Pancreas	CC4	426	7976	5.34102306920762
KCNMB4	Pancreas	CC5	553	7164	7.71915131211614
KCNMB4	Pancreas	CC6	0	0	0
KCNMB4	Pancreas	CC7	186	2572	7.23172628304821
KCNMB4	Pancreas	CC8	0	0	0
KCNMB4	Pancreas	CC9	49	726	6.74931129476584
KCNMB4	Pancreas	CC10	0	1	0
KCNN3	Normal Pancreas	CC1	0	0	0
KCNN3	Normal Pancreas	CC2	2	53	3.77358490566038
KCNN3	Normal Pancreas	CC3	1	36	2.77777777777778
KCNN3	Normal Pancreas	CC4	0	3	0
KCNN3	Normal Pancreas	CC5	0	0	0
KCNN3	Normal Pancreas	CC6	0	0	0
KCNN3	Normal Pancreas	CC7	1	21	4.76190476190476
KCNN3	Normal Pancreas	CC8	0	0	0
KCNN3	Normal Pancreas	CC9	0	0	0
KCNN3	Normal Pancreas	CC10	159	9707	1.63799320078294
KCNN3	Pancreas	CC1	272	8639	3.148512559324
KCNN3	Pancreas	CC2	82	5063	1.61959312660478
KCNN3	Pancreas	CC3	69	3317	2.08019294543262
KCNN3	Pancreas	CC4	137	7976	1.71765295887663
KCNN3	Pancreas	CC5	216	7164	3.01507537688442
KCNN3	Pancreas	CC6	0	0	0
KCNN3	Pancreas	CC7	107	2572	4.1601866251944
KCNN3	Pancreas	CC8	0	0	0
KCNN3	Pancreas	CC9	16	726	2.20385674931129
KCNN3	Pancreas	CC10	0	1	0
KCNN4	Normal Pancreas	CC1	0	0	0
KCNN4	Normal Pancreas	CC2	3	53	5.66037735849057
KCNN4	Normal Pancreas	CC3	6	36	16.6666666666667
KCNN4	Normal Pancreas	CC4	0	3	0
KCNN4	Normal Pancreas	CC5	0	0	0
KCNN4	Normal Pancreas	CC6	0	0	0
KCNN4	Normal Pancreas	CC7	0	21	0
KCNN4	Normal Pancreas	CC8	0	0	0
KCNN4	Normal Pancreas	CC9	0	0	0
KCNN4	Normal Pancreas	CC10	22	9707	0.22664056866179
KCNN4	Pancreas	CC1	477	8639	5.52147239263804
KCNN4	Pancreas	CC2	960	5063	18.9610902626901
KCNN4	Pancreas	CC3	996	3317	30.0271329514622
KCNN4	Pancreas	CC4	1147	7976	14.3806419257773
KCNN4	Pancreas	CC5	872	7164	12.1719709659408
KCNN4	Pancreas	CC6	0	0	0
KCNN4	Pancreas	CC7	69	2572	2.68273716951788
KCNN4	Pancreas	CC8	0	0	0
KCNN4	Pancreas	CC9	25	726	3.4435261707989
KCNN4	Pancreas	CC10	0	1	0
KCNQ4	Normal Pancreas	CC1	0	0	0
KCNQ4	Normal Pancreas	CC2	2	53	3.77358490566038
KCNQ4	Normal Pancreas	CC3	0	36	0
KCNQ4	Normal Pancreas	CC4	0	3	0
KCNQ4	Normal Pancreas	CC5	0	0	0
KCNQ4	Normal Pancreas	CC6	0	0	0
KCNQ4	Normal Pancreas	CC7	0	21	0
KCNQ4	Normal Pancreas	CC8	0	0	0
KCNQ4	Normal Pancreas	CC9	0	0	0
KCNQ4	Normal Pancreas	CC10	197	9707	2.02946327392603
KCNQ4	Pancreas	CC1	114	8639	1.31959717559903
KCNQ4	Pancreas	CC2	205	5063	4.04898281651195
KCNQ4	Pancreas	CC3	157	3317	4.73319264395538
KCNQ4	Pancreas	CC4	205	7976	2.57021063189569
KCNQ4	Pancreas	CC5	174	7164	2.42881072026801
KCNQ4	Pancreas	CC6	0	0	0
KCNQ4	Pancreas	CC7	37	2572	1.43856920684292
KCNQ4	Pancreas	CC8	0	0	0
KCNQ4	Pancreas	CC9	6	726	0.826446280991736
KCNQ4	Pancreas	CC10	0	1	0
KCNS3	Normal Pancreas	CC1	0	0	0
KCNS3	Normal Pancreas	CC2	2	53	3.77358490566038
KCNS3	Normal Pancreas	CC3	3	36	8.33333333333333
KCNS3	Normal Pancreas	CC4	1	3	33.3333333333333
KCNS3	Normal Pancreas	CC5	0	0	0
KCNS3	Normal Pancreas	CC6	0	0	0
KCNS3	Normal Pancreas	CC7	0	21	0
KCNS3	Normal Pancreas	CC8	0	0	0
KCNS3	Normal Pancreas	CC9	0	0	0
KCNS3	Normal Pancreas	CC10	1078	9707	11.1053878644277
KCNS3	Pancreas	CC1	1235	8639	14.2956360689895
KCNS3	Pancreas	CC2	683	5063	13.4900256764764
KCNS3	Pancreas	CC3	421	3317	12.6921917395237
KCNS3	Pancreas	CC4	1087	7976	13.6283851554664
KCNS3	Pancreas	CC5	1114	7164	15.5499720826354
KCNS3	Pancreas	CC6	0	0	0
KCNS3	Pancreas	CC7	189	2572	7.34836702954899
KCNS3	Pancreas	CC8	0	0	0
KCNS3	Pancreas	CC9	18	726	2.47933884297521
KCNS3	Pancreas	CC10	0	1	0
KCNT2	Normal Pancreas	CC1	0	0	0
KCNT2	Normal Pancreas	CC2	0	53	0
KCNT2	Normal Pancreas	CC3	0	36	0
KCNT2	Normal Pancreas	CC4	0	3	0
KCNT2	Normal Pancreas	CC5	0	0	0
KCNT2	Normal Pancreas	CC6	0	0	0
KCNT2	Normal Pancreas	CC7	0	21	0
KCNT2	Normal Pancreas	CC8	0	0	0
KCNT2	Normal Pancreas	CC9	0	0	0
KCNT2	Normal Pancreas	CC10	33	9707	0.339960852992686
KCNT2	Pancreas	CC1	88	8639	1.01863641625188
KCNT2	Pancreas	CC2	23	5063	0.45427612087695
KCNT2	Pancreas	CC3	20	3317	0.602954476936991
KCNT2	Pancreas	CC4	50	7976	0.626880641925777
KCNT2	Pancreas	CC5	61	7164	0.851479620323841
KCNT2	Pancreas	CC6	0	0	0
KCNT2	Pancreas	CC7	22	2572	0.855365474339036
KCNT2	Pancreas	CC8	0	0	0
KCNT2	Pancreas	CC9	3	726	0.413223140495868
KCNT2	Pancreas	CC10	0	1	0
