gene	Origin	top_pct_1	top_pct_1_val	top_pct_2	top_pct_2_val	top_pct_3	top_pct_3_val	top_mean_1	top_mean_1_val	top_mean_2	top_mean_2_val	top_mean_3	top_mean_3_val	overall_mean_pct	overall_mean_pos_expr
KCNA5	Normal Pancreas	Hepatocytes	0.925925925925926	Normal Epithelial cells	0.59750695374472	myCAF	0.0	Normal Epithelial cells	1.06896551724138	Hepatocytes	1.0	myCAF		0.10156219197804307	1.03448275862069
KCNA5	Pancreas	PVL	3.4965034965035	FCN1-TAM	1.40845070422535	iCAF	1.07816711590296	myCAF	1.0390625	Normal Epithelial cells	1.0	Tumor Epithelial cells	1.0	0.5307322035328099	1.0055803571428572
KCNAB1	Normal Pancreas	Hepatocytes	4.62962962962963	Normal Epithelial cells	2.19429277840733	myCAF	0.0	Normal Epithelial cells	1.01408450704225	Hepatocytes	1.0	myCAF		0.4549281605357974	1.007042253521125
KCNAB1	Pancreas	PVL	7.69230769230769	iCAF	1.34770889487871	myCAF	1.29536058796509	PVL	1.18181818181818	iCAF	1.06666666666667	myCAF	1.04255319148936	0.9272382606073255	1.0323375599971345
KCNAB2	Normal Pancreas	Hepatocytes	4.62962962962963	Normal Epithelial cells	2.69908313588132	myCAF	0.0	Normal Epithelial cells	1.01526717557252	Hepatocytes	1.0	myCAF		0.48858085103406335	1.0076335877862599
KCNAB2	Pancreas	Endothelial cells	100.0	Proliferative T cells	25.0	SPP1-TAM	21.4285714285714	Proliferative T cells	3.0	C1Q-TAM	1.58823529411765	SPP1-TAM	1.52380952380952	17.837415924798105	1.3469366526914348
KCNB1	Normal Pancreas	Hepatocytes	0.925925925925926	Normal Epithelial cells	0.463582981353662	myCAF	0.0	Normal Epithelial cells	1.0	Hepatocytes	1.0	myCAF		0.09263392715197254	1.0
KCNB1	Pancreas	iCAF	0.988319856244385	PVL	0.699300699300699	myCAF	0.482315112540193	iCAF	1.09090909090909	myCAF	1.02857142857143	Tumor Epithelial cells	1.0	0.2038328085199448	1.01991341991342
KCNC4	Normal Pancreas	Hepatocytes	38.8888888888889	Tumor Epithelial cells	33.3333333333333	Normal Epithelial cells	13.0215308540229	Hepatocytes	1.45238095238095	Normal Epithelial cells	1.10601265822785	Tumor Epithelial cells	1.0	5.682916871749673	1.1861312035362666
KCNC4	Pancreas	Normal Epithelial cells	15.5562958027981	CD8-NK cells	14.2857142857143	Tumor Epithelial cells	7.82082324455206	Normal Epithelial cells	1.20770877944325	Tumor Epithelial cells	1.13312693498452	B cells	1.09090909090909	4.72919101567613	1.0498553665634207
KCND2	Normal Pancreas	Hepatocytes	1.85185185185185	Normal Epithelial cells	0.710827238075616	myCAF	0.0	Normal Epithelial cells	1.0	Hepatocytes	1.0	myCAF		0.17084527266183108	1.0
KCND2	Pancreas	Normal Epithelial cells	4.96335776149234	myCAF	4.6118511713367	iCAF	3.23450134770889	PVL	1.33333333333333	C1Q-TAM	1.33333333333333	myCAF	1.09860557768924	1.6871743767245053	1.0781485698166546
KCND3	Normal Pancreas	Hepatocytes	12.962962962963	Normal Epithelial cells	4.07953023591223	myCAF	0.0	Hepatocytes	1.14285714285714	Normal Epithelial cells	1.03787878787879	myCAF		1.1361662132583485	1.090367965367965
KCND3	Pancreas	iCAF	12.6684636118598	PVL	6.29370629370629	FCN1-TAM	5.63380281690141	FCN1-TAM	1.5	iCAF	1.13475177304965	myCAF	1.09800190294957	3.620826889570995	1.0836772244765056
KCNE4	Normal Pancreas	Hepatocytes	64.8148148148148	Normal Epithelial cells	12.5785515607294	myCAF	0.0	Hepatocytes	1.98571428571429	Normal Epithelial cells	1.25552825552826	myCAF		5.159557758369613	1.620621270621275
KCNE4	Pancreas	Endothelial cells	100.0	iCAF	12.0395327942498	myCAF	11.3826366559486	Endothelial cells	2.0	SPP1-TAM	1.28571428571429	C1Q-TAM	1.2	11.82189380679206	1.205677042282235
KCNJ15	Normal Pancreas	Hepatocytes	72.2222222222222	Normal Epithelial cells	36.2727928299166	myCAF	0.0	Hepatocytes	1.93589743589744	Normal Epithelial cells	1.42175518318659	myCAF		7.23300100347592	1.678826309542015
KCNJ15	Pancreas	Normal Epithelial cells	13.9240506329114	myCAF	7.75378961874139	SPP1-TAM	6.63265306122449	Tumor Epithelial cells	1.30919765166341	Normal Epithelial cells	1.30861244019139	myCAF	1.20023696682464	3.1617787704223193	1.1163214680583988
KCNJ16	Normal Pancreas	Hepatocytes	89.8148148148148	Normal Epithelial cells	53.1884207273102	myCAF	0.0	Hepatocytes	2.88659793814433	Normal Epithelial cells	1.73387565368972	myCAF		9.533549036141666	2.310236795917025
KCNJ16	Pancreas	Normal Epithelial cells	5.56295802798135	Tumor Epithelial cells	2.02179176755448	DCs	0.442477876106195	Normal Epithelial cells	1.19760479041916	Tumor Epithelial cells	1.03592814371257	myCAF	1.03191489361702	0.5959684518271878	1.0442413046247916
KCNJ8	Normal Pancreas	Hepatocytes	98.1481481481482	Normal Epithelial cells	54.6718862676419	myCAF	0.0	Hepatocytes	4.43396226415094	Normal Epithelial cells	2.12511776898436	myCAF		10.188002294386006	3.2795400165676503
KCNJ8	Pancreas	Endothelial cells	100.0	Proliferative T cells	25.0	CD8-NK cells	14.2857142857143	CD8-NK cells	2.0	CD4+ cells	1.25	iCAF	1.20138888888889	15.76814595156603	1.1621933421841113
KCNK1	Normal Pancreas	Hepatocytes	11.1111111111111	Normal Epithelial cells	5.70722159266509	myCAF	0.0	Hepatocytes	1.08333333333333	Normal Epithelial cells	1.07761732851986	myCAF		1.121222180251746	1.0804753309265949
KCNK1	Pancreas	Normal Epithelial cells	45.6029313790806	Tumor Epithelial cells	28.6561743341404	myCAF	12.7377124483234	Normal Epithelial cells	1.66764061358656	Tumor Epithelial cells	1.56611744824673	SPP1-TAM	1.45	9.022081467707597	1.2081223989127343
KCNK15	Normal Pancreas	Tumor Epithelial cells	33.3333333333333	Hepatocytes	3.7037037037037	Normal Epithelial cells	0.834449366436592	Normal Epithelial cells	1.0	Hepatocytes	1.0	Tumor Epithelial cells	1.0	2.524765760231573	1.0
KCNK15	Pancreas	PVL	2.0979020979021	Normal Epithelial cells	1.79880079946702	SPP1-TAM	1.02040816326531	Tumor Epithelial cells	1.03508771929825	Normal Epithelial cells	1.01851851851852	myCAF	1.00869565217391	0.5427047596625069	1.007787736248835
KCNK17	Normal Pancreas	Normal Epithelial cells	2.59606469558051	Hepatocytes	1.85185185185185	myCAF	0.0	Normal Epithelial cells	1.01984126984127	Hepatocytes	1.0	myCAF		0.296527769828824	1.0099206349206349
KCNK17	Pancreas	Endothelial cells	100.0	iCAF	3.77358490566038	PVL	3.4965034965035	iCAF	1.19047619047619	Normal Epithelial cells	1.14772727272727	myCAF	1.10358565737052	8.214426785843127	1.047209215087701
KCNK3	Normal Pancreas	Hepatocytes	96.2962962962963	Normal Epithelial cells	47.8108581436077	myCAF	0.0	Hepatocytes	3.92307692307692	Normal Epithelial cells	1.88299935358759	myCAF		9.607143629326934	2.903038138332255
KCNK3	Pancreas	iCAF	14.7349505840072	FCN1-TAM	11.2676056338028	PVL	10.4895104895105	Normal Epithelial cells	2.6140350877193	iCAF	1.82317073170732	FCN1-TAM	1.5	3.9755237354192716	1.3116642876526436
KCNK6	Normal Pancreas	Tumor Epithelial cells	33.3333333333333	Hepatocytes	32.4074074074074	Normal Epithelial cells	9.38497991140414	Hepatocytes	1.22857142857143	Normal Epithelial cells	1.08562019758507	Tumor Epithelial cells	1.0	5.0083813768096554	1.1047305420521665
KCNK6	Pancreas	Normal Epithelial cells	18.8207861425716	SPP1-TAM	14.2857142857143	Tumor Epithelial cells	12.1065375302663	C1Q-TAM	1.625	CD4+ cells	1.33333333333333	Tumor Epithelial cells	1.226	6.677450792376894	1.1939180984331519
KCNMA1	Normal Pancreas	Hepatocytes	30.5555555555556	Normal Epithelial cells	13.7426599361286	myCAF	0.0	Hepatocytes	1.15151515151515	Normal Epithelial cells	1.13643178410795	myCAF		2.95321436611228	1.14397346781155
KCNMA1	Pancreas	PVL	30.7692307692308	Proliferative T cells	25.0	C1Q-TAM	22.5490196078431	Proliferative T cells	2.0	PVL	1.75	CD4+ cells	1.5	13.641410237293785	1.3878547686400093
KCNMB1	Normal Pancreas	Normal Epithelial cells	0.937467806737406	Hepatocytes	0.925925925925926	myCAF	0.0	Normal Epithelial cells	1.04395604395604	Hepatocytes	1.0	myCAF		0.12422624884422213	1.0219780219780201
KCNMB1	Pancreas	PVL	28.6713286713287	CD8-NK cells	14.2857142857143	C1Q-TAM	10.7843137254902	PVL	1.41463414634146	SPP1-TAM	1.25	C1Q-TAM	1.18181818181818	7.378356745120091	1.1209264791149676
KCNMB4	Normal Pancreas	Hepatocytes	1.85185185185185	Normal Epithelial cells	1.80282270526424	myCAF	0.0	Normal Epithelial cells	1.01142857142857	Hepatocytes	1.0	myCAF		0.243644970474406	1.005714285714285
KCNMB4	Pancreas	Proliferative T cells	25.0	Normal Epithelial cells	8.72751499000666	iCAF	8.44564240790656	CD4+ cells	1.16666666666667	Tumor Epithelial cells	1.10094637223975	myCAF	1.09364319890636	5.997656491314469	1.0471710640691791
KCNN3	Normal Pancreas	Hepatocytes	1.85185185185185	Normal Epithelial cells	1.6585968888431	myCAF	0.0	Normal Epithelial cells	1.01242236024845	Hepatocytes	1.0	myCAF		0.23402991604633	1.0062111801242248
KCNN3	Pancreas	PVL	7.69230769230769	iCAF	4.04312668463612	DCs	3.53982300884956	PVL	1.09090909090909	myCAF	1.05601317957166	iCAF	1.04444444444444	2.2012579626455757	1.022792123399402
KCNN4	Normal Pancreas	Hepatocytes	0.925925925925926	Normal Epithelial cells	0.309055320902442	myCAF	0.0	Normal Epithelial cells	1.03333333333333	Hepatocytes	1.0	myCAF		0.0823320831218912	1.016666666666665
KCNN4	Pancreas	Normal Epithelial cells	26.8487674883411	Tumor Epithelial cells	17.8571428571429	CD8-NK cells	14.2857142857143	CD4+ cells	1.66666666666667	SPP1-TAM	1.33333333333333	Tumor Epithelial cells	1.32949152542373	6.327219090648602	1.1998584357191875
KCNQ4	Normal Pancreas	Hepatocytes	2.77777777777778	Normal Epithelial cells	2.01916142989595	myCAF	0.0	Normal Epithelial cells	1.02551020408163	Hepatocytes	1.0	myCAF		0.31979594717824866	1.012755102040815
KCNQ4	Pancreas	Normal Epithelial cells	5.26315789473684	PVL	4.89510489510489	Tumor Epithelial cells	3.29297820823245	Normal Epithelial cells	1.13924050632911	Tumor Epithelial cells	1.09191176470588	myCAF	1.05	1.316868347892677	1.0351440338793738
KCNS3	Normal Pancreas	Hepatocytes	37.962962962963	Normal Epithelial cells	10.7448233233749	myCAF	0.0	Hepatocytes	1.34146341463415	Normal Epithelial cells	1.11984659635666	myCAF		3.2471857524225265	1.230655005495405
KCNS3	Pancreas	Normal Epithelial cells	21.8854097268488	CD8-NK cells	14.2857142857143	myCAF	14.1570969223702	iCAF	1.36046511627907	PVL	1.33333333333333	SPP1-TAM	1.3	7.565353002075345	1.1460851274784176
KCNT2	Normal Pancreas	Normal Epithelial cells	0.339960852992686	myCAF	0.0	Tumor Epithelial cells	0.0	Normal Epithelial cells	1.03030303030303	myCAF		Tumor Epithelial cells		0.022664056866179068	1.03030303030303
KCNT2	Pancreas	myCAF	0.872760679834635	iCAF	0.718778077268643	Normal Epithelial cells	0.699533644237175	iCAF	1.125	myCAF	1.00526315789474	Tumor Epithelial cells	1.0	0.29249863708994056	1.0186090225563915
